user_id,amount,hour,merchant_known,is_weekend,is_anomaly
USER-0001,31.22,13,1,0,0
USER-0001,8766.94,2,0,0,1
USER-0001,29.81,10,1,0,0
USER-0001,27.39,17,1,0,0
USER-0001,5.77,18,1,0,0
USER-0001,52.37,17,1,1,0
USER-0001,508.69,15,1,0,0
USER-0001,40.65,6,1,0,0
USER-0001,12.41,12,1,1,0
USER-0001,11.36,11,1,0,0
USER-0001,88.59,15,1,0,0
USER-0001,68.41,22,1,1,0
USER-0001,9.76,13,1,1,0
USER-0001,20.32,16,1,0,0
USER-0001,27.51,13,1,1,0
USER-0001,15.95,11,1,0,0
USER-0001,13.64,16,1,1,0
USER-0001,10.94,11,1,0,0
USER-0001,5.05,14,1,0,0
USER-0001,145.07,10,1,0,0
USER-0001,110.74,8,1,0,0
USER-0001,6958.47,3,0,0,1
USER-0001,30.44,8,1,0,0
USER-0001,20.44,10,1,0,0
USER-0002,39.78,15,1,0,0
USER-0002,30.18,11,1,0,0
USER-0002,38.57,10,1,0,0
USER-0002,75.89,6,1,0,0
USER-0002,32.01,16,1,0,0
USER-0002,14.41,15,1,0,0
USER-0002,2.7,6,1,0,0
USER-0002,17.54,18,1,1,0
USER-0002,94.94,9,1,0,0
USER-0002,89.81,12,1,1,0
USER-0002,32.08,14,1,0,0
USER-0002,53.89,6,1,0,0
USER-0002,28.85,14,1,0,0
USER-0002,102.19,10,1,0,0
USER-0002,41.07,20,1,0,0
USER-0002,73.35,15,1,1,0
USER-0002,60.98,15,1,0,0
USER-0002,40.19,10,1,1,0
USER-0002,5.74,15,1,0,0
USER-0002,9.06,20,1,0,0
USER-0002,165.36,20,1,0,0
USER-0002,25.92,17,1,0,0
USER-0002,32.59,15,1,0,0
USER-0003,27.87,9,1,0,0
USER-0003,60.61,10,1,0,0
USER-0003,4767.31,4,0,0,1
USER-0003,125.8,21,1,0,0
USER-0003,16.71,10,1,1,0
USER-0003,102.8,13,1,0,0
USER-0003,9.21,22,1,1,0
USER-0003,279.69,10,1,0,0
USER-0003,158.43,14,1,1,0
USER-0003,75.12,19,1,0,0
USER-0003,128.92,9,1,0,0
USER-0003,9039.51,4,0,0,1
USER-0003,29.51,9,1,0,0
USER-0003,227.32,14,1,0,0
USER-0003,63.96,16,1,0,0
USER-0003,10.56,9,1,0,0
USER-0003,14.05,17,1,1,0
USER-0003,16.55,12,1,0,0
USER-0003,71.87,10,1,1,0
USER-0003,15.9,14,1,1,0
USER-0003,95.14,9,1,0,0
USER-0003,149.5,13,1,0,0
USER-0003,32.51,16,1,0,0
USER-0003,13.02,23,1,1,0
USER-0003,8.35,13,1,1,0
USER-0003,68.66,11,1,0,0
USER-0003,24.35,17,1,0,0
USER-0003,59.86,22,1,1,0
USER-0003,173.78,18,1,0,0
USER-0003,9.87,15,1,0,0
USER-0003,33.53,11,1,0,0
USER-0003,2300.35,4,0,0,1
USER-0003,4494.35,4,0,0,1
USER-0003,25.81,21,1,1,0
USER-0003,33.02,18,1,0,0
USER-0003,31.04,9,1,0,0
USER-0003,14.96,15,1,1,0
USER-0003,54.39,6,1,1,0
USER-0003,29.05,14,1,0,0
USER-0003,14.04,17,1,1,0
USER-0003,69.18,10,1,0,0
USER-0003,63.16,11,1,0,0
USER-0003,50.62,15,1,0,0
USER-0003,70.91,9,1,1,0
USER-0003,2.36,15,1,0,0
USER-0003,13.52,12,1,0,0
USER-0003,328.45,13,1,1,0
USER-0003,32.18,12,1,0,0
USER-0003,89.48,16,1,0,0
USER-0003,42.62,15,1,0,0
USER-0003,16.22,9,1,0,0
USER-0003,25.29,22,1,0,0
USER-0003,32.33,11,1,0,0
USER-0003,26.21,9,1,0,0
USER-0003,18.08,11,1,0,0
USER-0003,15.57,3,1,0,0
USER-0003,6872.75,4,0,0,1
USER-0003,302.57,8,1,0,0
USER-0003,10.95,7,1,0,0
USER-0003,116.87,14,1,0,0
USER-0003,22.36,9,1,0,0
USER-0003,21.15,13,1,0,0
USER-0003,8559.4,2,0,1,1
USER-0003,134.36,14,1,1,0
USER-0003,146.93,12,1,0,0
USER-0003,48.83,9,1,1,0
USER-0003,28.97,18,1,0,0
USER-0003,42.72,10,1,1,0
USER-0003,66.22,8,1,0,0
USER-0003,80.57,8,1,0,0
USER-0003,45.65,10,1,0,0
USER-0003,91.38,1,1,1,0
USER-0003,433.91,22,1,1,0
USER-0003,8.75,11,1,0,0
USER-0003,80.04,15,1,0,0
USER-0003,11.73,17,1,1,0
USER-0004,30.71,15,1,1,0
USER-0004,273.78,12,1,0,0
USER-0004,5.19,19,1,0,0
USER-0004,28.41,8,1,1,0
USER-0004,16.15,21,1,0,0
USER-0004,10.73,15,1,0,0
USER-0004,65.21,18,1,0,0
USER-0004,12.42,16,1,0,0
USER-0004,34.6,16,1,0,0
USER-0004,86.62,11,1,0,0
USER-0004,98.25,11,1,1,0
USER-0004,23.17,23,1,1,0
USER-0004,15.05,11,1,0,0
USER-0004,45.96,16,1,0,0
USER-0004,12.46,20,1,0,0
USER-0004,17.88,19,1,0,0
USER-0004,56.67,7,1,0,0
USER-0004,4.19,5,1,0,0
USER-0004,132.47,11,1,0,0
USER-0004,43.09,8,1,0,0
USER-0004,61.8,16,1,1,0
USER-0005,25.85,7,1,0,0
USER-0005,53.35,14,1,0,0
USER-0005,54.17,11,1,1,0
USER-0005,27.69,18,1,0,0
USER-0005,12.42,15,1,1,0
USER-0005,6301.48,2,0,1,1
USER-0005,32.39,12,1,1,0
USER-0005,45.59,8,1,0,0
USER-0005,45.69,13,1,1,0
USER-0005,46.41,18,1,0,0
USER-0005,51.46,8,1,0,0
USER-0005,29.6,15,1,0,0
USER-0005,8.23,13,1,1,0
USER-0005,110.04,8,1,0,0
USER-0005,39.65,6,1,0,0
USER-0005,95.44,20,1,1,0
USER-0005,67.62,6,1,0,0
USER-0005,7514.77,3,0,0,1
USER-0005,28.48,14,1,0,0
USER-0005,23.88,14,1,0,0
USER-0005,14.46,15,1,0,0
USER-0005,21.83,8,1,0,0
USER-0005,14.94,14,1,0,0
USER-0005,14.92,19,1,0,0
USER-0005,77.28,12,1,0,0
USER-0005,47.44,16,1,0,0
USER-0005,65.4,17,1,0,0
USER-0005,71.45,20,1,0,0
USER-0005,39.91,1,1,0,0
USER-0005,79.92,13,1,0,0
USER-0005,32.16,16,1,0,0
USER-0005,85.53,19,1,1,0
USER-0005,68.45,11,1,0,0
USER-0005,19.73,17,1,0,0
USER-0005,38.93,8,1,0,0
USER-0005,8.49,1,1,0,0
USER-0005,114.01,9,1,1,0
USER-0005,22.89,8,1,0,0
USER-0006,12.49,9,1,0,0
USER-0006,14.55,15,1,0,0
USER-0006,2749.2,3,0,0,1
USER-0006,153.33,19,1,0,0
USER-0006,119.34,14,1,0,0
USER-0006,55.75,8,1,0,0
USER-0006,21.3,3,1,0,0
USER-0006,8.43,6,1,0,0
USER-0006,41.43,8,1,0,0
USER-0006,4436.04,4,0,1,1
USER-0006,4.21,16,1,0,0
USER-0006,44.73,11,1,1,0
USER-0006,13.72,9,1,0,0
USER-0006,81.78,6,1,1,0
USER-0006,9.04,14,1,0,0
USER-0006,21.86,6,1,0,0
USER-0006,64.07,16,1,1,0
USER-0006,9320.0,2,0,1,1
USER-0006,12.55,10,1,0,0
USER-0006,11.51,10,1,0,0
USER-0006,45.61,12,1,0,0
USER-0006,376.31,9,1,0,0
USER-0006,45.78,13,1,0,0
USER-0006,88.99,7,1,0,0
USER-0006,3.52,15,1,0,0
USER-0006,55.05,7,1,1,0
USER-0006,41.12,21,1,0,0
USER-0006,4.87,9,1,0,0
USER-0006,11.88,11,1,1,0
USER-0006,17.34,10,1,0,0
USER-0007,65.5,13,1,1,0
USER-0007,35.1,19,1,0,0
USER-0007,18.14,5,1,0,0
USER-0007,14.05,10,1,0,0
USER-0007,43.32,14,1,0,0
USER-0007,35.04,8,1,0,0
USER-0007,85.18,9,1,0,0
USER-0007,20.91,4,1,0,0
USER-0007,11.94,8,1,0,0
USER-0007,56.79,16,1,0,0
USER-0007,35.86,7,1,0,0
USER-0007,10.93,14,1,1,0
USER-0007,164.38,20,1,1,0
USER-0007,20.55,16,1,0,0
USER-0007,26.19,20,1,0,0
USER-0007,6.4,13,1,0,0
USER-0007,6074.61,4,0,0,1
USER-0007,14.54,10,1,0,0
USER-0007,19.62,13,1,0,0
USER-0007,43.88,17,1,0,0
USER-0007,4258.19,3,0,0,1
USER-0007,9.51,15,1,0,0
USER-0007,77.28,19,1,0,0
USER-0007,19.29,10,1,0,0
USER-0007,21.28,15,1,1,0
USER-0007,63.46,14,1,0,0
USER-0007,37.24,0,1,0,0
USER-0007,45.91,12,1,0,0
USER-0007,42.45,13,1,1,0
USER-0007,23.35,18,1,0,0
USER-0007,10.17,12,1,0,0
USER-0007,29.1,14,1,0,0
USER-0007,138.0,7,1,0,0
USER-0007,28.6,16,1,0,0
USER-0007,12.98,19,1,0,0
USER-0007,42.47,23,1,0,0
USER-0007,8.7,10,1,0,0
USER-0007,37.31,19,1,1,0
USER-0007,94.96,19,1,0,0
USER-0007,18.12,14,1,0,0
USER-0007,166.53,6,1,1,0
USER-0007,20.53,17,1,0,0
USER-0007,9.72,12,1,0,0
USER-0007,9.74,8,1,0,0
USER-0007,87.58,18,1,0,0
USER-0007,69.9,9,1,0,0
USER-0007,17.23,14,1,0,0
USER-0007,10.25,9,1,0,0
USER-0007,4983.61,3,0,0,1
USER-0007,99.85,10,1,1,0
USER-0007,147.52,15,1,0,0
USER-0007,37.14,18,1,0,0
USER-0007,16.17,11,1,0,0
USER-0007,66.45,11,1,0,0
USER-0007,11.04,13,1,1,0
USER-0008,107.01,10,1,0,0
USER-0008,9507.42,3,0,0,1
USER-0008,32.6,13,1,0,0
USER-0008,5970.95,2,0,1,1
USER-0008,99.32,16,1,0,0
USER-0008,19.91,15,1,1,0
USER-0008,46.48,15,1,0,0
USER-0008,14.95,15,1,0,0
USER-0008,24.58,10,1,0,0
USER-0008,320.86,10,1,0,0
USER-0008,48.87,23,1,0,0
USER-0008,31.7,9,1,0,0
USER-0008,46.02,8,1,1,0
USER-0008,8.43,13,1,0,0
USER-0008,14.81,7,1,0,0
USER-0008,29.96,13,1,0,0
USER-0008,47.28,14,1,0,0
USER-0008,199.39,17,1,0,0
USER-0008,53.53,17,1,0,0
USER-0008,118.62,7,1,0,0
USER-0008,6488.82,4,0,0,1
USER-0008,70.15,18,1,0,0
USER-0008,5.11,15,1,0,0
USER-0008,115.3,13,1,0,0
USER-0008,18.52,16,1,0,0
USER-0008,45.45,19,1,0,0
USER-0008,9089.4,3,0,0,1
USER-0008,126.83,5,1,1,0
USER-0008,23.02,13,1,1,0
USER-0008,76.47,10,1,0,0
USER-0008,35.42,10,1,0,0
USER-0008,41.62,16,1,0,0
USER-0008,49.67,12,1,0,0
USER-0008,42.7,17,1,1,0
USER-0008,6.49,13,1,0,0
USER-0008,20.6,15,1,1,0
USER-0008,68.03,9,1,0,0
USER-0008,15.56,12,1,1,0
USER-0008,34.64,13,1,0,0
USER-0008,16.64,10,1,1,0
USER-0008,16.78,11,1,0,0
USER-0008,100.79,9,1,0,0
USER-0008,28.12,15,1,1,0
USER-0008,3864.95,4,0,0,1
USER-0008,5.9,9,1,1,0
USER-0008,13.85,15,1,0,0
USER-0008,33.93,9,1,1,0
USER-0008,8411.83,4,0,0,1
USER-0008,6.52,8,1,1,0
USER-0008,71.4,22,1,0,0
USER-0008,143.09,18,1,0,0
USER-0008,12.47,7,1,0,0
USER-0008,10.72,9,1,1,0
USER-0008,20.78,18,1,0,0
USER-0008,28.83,14,1,0,0
USER-0008,21.03,17,1,0,0
USER-0008,26.98,16,1,0,0
USER-0009,16.64,21,1,0,0
USER-0009,22.97,21,1,0,0
USER-0009,6481.55,2,0,0,1
USER-0009,98.01,22,1,0,0
USER-0009,148.55,6,1,0,0
USER-0009,25.44,17,1,0,0
USER-0009,7.04,0,1,0,0
USER-0009,23.69,16,1,1,0
USER-0009,17.47,19,1,0,0
USER-0009,30.02,18,1,0,0
USER-0009,7.37,16,1,1,0
USER-0009,19.82,10,1,0,0
USER-0009,73.03,8,1,0,0
USER-0009,26.21,11,1,0,0
USER-0009,14.07,9,1,0,0
USER-0009,84.95,8,1,1,0
USER-0009,48.99,11,1,0,0
USER-0009,5.87,10,1,0,0
USER-0009,22.26,15,1,1,0
USER-0009,59.47,8,1,0,0
USER-0009,49.24,2,1,0,0
USER-0009,10.97,9,1,0,0
USER-0009,70.71,10,1,1,0
USER-0009,11.01,20,1,1,0
USER-0009,50.95,19,1,0,0
USER-0009,304.7,18,1,0,0
USER-0009,108.24,17,1,1,0
USER-0009,28.83,10,1,0,0
USER-0009,12.83,20,1,0,0
USER-0009,10.84,8,1,0,0
USER-0009,410.25,17,1,0,0
USER-0009,16.04,11,1,1,0
USER-0009,21.1,15,1,0,0
USER-0009,36.36,21,1,0,0
USER-0009,46.57,14,1,1,0
USER-0009,45.57,12,1,1,0
USER-0009,115.35,10,1,0,0
USER-0009,55.55,9,1,0,0
USER-0009,20.02,8,1,1,0
USER-0009,19.44,10,1,0,0
USER-0009,47.56,11,1,0,0
USER-0009,8747.5,4,0,0,1
USER-0009,6.56,11,1,0,0
USER-0009,23.5,8,1,0,0
USER-0009,62.2,9,1,0,0
USER-0009,68.08,8,1,1,0
USER-0009,4.34,7,1,0,0
USER-0009,91.97,13,1,0,0
USER-0009,54.94,17,1,0,0
USER-0009,43.83,7,1,1,0
USER-0009,49.73,14,1,0,0
USER-0009,58.75,18,1,0,0
USER-0009,1.98,18,1,1,0
USER-0009,141.72,11,1,0,0
USER-0009,8.71,17,1,0,0
USER-0009,58.41,10,1,0,0
USER-0009,58.94,14,1,1,0
USER-0009,43.34,6,1,0,0
USER-0009,59.5,13,1,1,0
USER-0009,35.25,13,1,0,0
USER-0009,23.38,10,1,1,0
USER-0010,19.35,14,1,1,0
USER-0010,19.3,8,1,0,0
USER-0010,72.7,7,1,0,0
USER-0010,17.52,12,1,0,0
USER-0010,104.61,14,1,1,0
USER-0010,260.59,15,1,0,0
USER-0010,26.87,16,1,0,0
USER-0010,33.59,13,1,0,0
USER-0010,13.13,8,1,0,0
USER-0010,8509.6,4,0,0,1
USER-0010,90.3,6,1,1,0
USER-0010,5.29,16,1,0,0
USER-0010,96.43,8,1,1,0
USER-0010,42.93,21,1,1,0
USER-0010,223.75,18,1,0,0
USER-0010,2537.21,3,0,0,1
USER-0010,26.99,8,1,0,0
USER-0010,24.59,6,1,0,0
USER-0010,8.01,13,1,1,0
USER-0010,24.21,15,1,0,0
USER-0010,51.73,7,1,0,0
USER-0010,20.56,13,1,0,0
USER-0010,14.94,8,1,0,0
USER-0010,333.05,14,1,0,0
USER-0010,77.09,19,1,0,0
USER-0011,8958.4,3,0,0,1
USER-0011,9.8,11,1,0,0
USER-0011,56.11,9,1,0,0
USER-0011,5.17,13,1,0,0
USER-0011,25.7,16,1,1,0
USER-0011,36.74,22,1,1,0
USER-0011,61.75,14,1,0,0
USER-0011,58.91,20,1,0,0
USER-0011,561.37,19,1,0,0
USER-0011,6.19,15,1,0,0
USER-0011,33.13,11,1,0,0
USER-0011,41.82,18,1,1,0
USER-0011,56.72,13,1,0,0
USER-0011,28.05,8,1,1,0
USER-0011,19.8,8,1,0,0
USER-0011,19.01,14,1,0,0
USER-0011,85.08,8,1,0,0
USER-0011,21.62,10,1,0,0
USER-0011,22.93,18,1,0,0
USER-0011,128.14,15,1,0,0
USER-0011,19.64,17,1,0,0
USER-0011,33.99,11,1,0,0
USER-0011,8.84,17,1,0,0
USER-0011,135.73,11,1,0,0
USER-0011,18.19,10,1,1,0
USER-0011,23.04,19,1,0,0
USER-0011,24.43,18,1,0,0
USER-0011,5.17,12,1,0,0
USER-0011,2.84,14,1,0,0
USER-0011,62.37,9,1,0,0
USER-0011,27.22,14,1,0,0
USER-0012,2291.6,4,0,1,1
USER-0012,15.77,13,1,1,0
USER-0012,12.22,14,1,0,0
USER-0012,9.6,9,1,0,0
USER-0012,17.18,13,1,0,0
USER-0012,21.72,17,1,1,0
USER-0012,30.15,0,1,0,0
USER-0012,83.24,9,1,1,0
USER-0012,21.68,18,1,0,0
USER-0012,250.11,10,1,0,0
USER-0012,17.1,10,1,1,0
USER-0012,111.17,10,1,1,0
USER-0012,36.52,16,1,0,0
USER-0012,14.47,13,1,0,0
USER-0012,270.62,6,1,0,0
USER-0012,42.07,16,1,0,0
USER-0012,70.31,6,1,0,0
USER-0012,11.36,14,1,0,0
USER-0012,117.58,8,1,0,0
USER-0012,44.94,14,1,1,0
USER-0012,3764.24,2,0,1,1
USER-0012,55.64,23,1,1,0
USER-0012,42.72,5,1,0,0
USER-0012,36.26,10,1,0,0
USER-0013,24.56,11,1,0,0
USER-0013,5.26,13,1,1,0
USER-0013,13.08,11,1,0,0
USER-0013,5073.99,3,0,1,1
USER-0013,18.2,6,1,0,0
USER-0013,76.01,8,1,0,0
USER-0013,25.09,11,1,0,0
USER-0013,2.01,21,1,0,0
USER-0013,15.83,8,1,0,0
USER-0013,16.38,13,1,1,0
USER-0013,101.29,13,1,1,0
USER-0013,6.58,19,1,0,0
USER-0013,89.47,16,1,0,0
USER-0013,121.97,11,1,0,0
USER-0013,10.4,16,1,0,0
USER-0013,75.77,14,1,0,0
USER-0013,279.14,11,1,0,0
USER-0013,47.26,21,1,0,0
USER-0013,16.91,15,1,0,0
USER-0013,234.94,13,1,1,0
USER-0013,40.45,22,1,1,0
USER-0013,156.47,7,1,0,0
USER-0013,41.19,12,1,0,0
USER-0013,28.65,15,1,0,0
USER-0013,13.48,17,1,0,0
USER-0013,32.09,21,1,0,0
USER-0013,24.39,11,1,1,0
USER-0013,20.38,15,1,0,0
USER-0013,28.74,13,1,0,0
USER-0013,25.14,6,1,0,0
USER-0013,104.56,18,1,0,0
USER-0013,170.48,8,1,0,0
USER-0013,40.65,17,1,1,0
USER-0013,26.4,8,1,0,0
USER-0013,68.0,12,1,0,0
USER-0013,33.91,11,1,0,0
USER-0013,42.96,12,1,1,0
USER-0013,8879.44,4,0,0,1
USER-0013,23.37,12,1,0,0
USER-0013,101.99,13,1,1,0
USER-0013,28.55,1,1,0,0
USER-0013,9236.77,2,0,0,1
USER-0013,60.29,12,1,0,0
USER-0013,42.74,13,1,0,0
USER-0013,42.0,11,1,0,0
USER-0013,111.02,17,1,1,0
USER-0013,240.94,11,1,0,0
USER-0013,20.06,16,1,0,0
USER-0013,59.25,11,1,1,0
USER-0013,20.83,20,1,1,0
USER-0013,7474.56,4,0,1,1
USER-0013,16.72,14,1,0,0
USER-0013,9.82,21,1,0,0
USER-0013,56.2,2,1,0,0
USER-0013,59.36,22,1,0,0
USER-0014,26.39,4,1,0,0
USER-0014,17.48,15,1,0,0
USER-0014,18.21,16,1,0,0
USER-0014,44.47,11,1,0,0
USER-0014,56.73,17,1,0,0
USER-0014,61.91,14,1,1,0
USER-0014,55.05,19,1,0,0
USER-0014,61.5,12,1,1,0
USER-0014,66.61,10,1,1,0
USER-0014,2476.49,3,0,1,1
USER-0014,16.66,11,1,1,0
USER-0014,706.66,12,1,0,0
USER-0014,26.06,18,1,0,0
USER-0014,12.74,7,1,0,0
USER-0014,39.91,11,1,0,0
USER-0014,71.19,0,1,1,0
USER-0014,115.89,8,1,0,0
USER-0014,70.11,8,1,0,0
USER-0014,11.0,13,1,0,0
USER-0014,49.27,10,1,0,0
USER-0014,36.88,13,1,0,0
USER-0014,8.49,17,1,0,0
USER-0014,38.14,8,1,0,0
USER-0014,19.01,19,1,0,0
USER-0014,41.19,15,1,1,0
USER-0014,25.27,16,1,1,0
USER-0014,7.95,8,1,1,0
USER-0014,101.7,9,1,0,0
USER-0014,23.89,11,1,0,0
USER-0014,27.82,9,1,0,0
USER-0014,27.46,16,1,0,0
USER-0014,21.89,11,1,1,0
USER-0014,4.9,19,1,0,0
USER-0014,35.31,20,1,0,0
USER-0014,35.99,6,1,1,0
USER-0014,12.2,9,1,0,0
USER-0014,75.62,14,1,0,0
USER-0014,58.86,20,1,0,0
USER-0014,33.89,19,1,0,0
USER-0014,51.74,10,1,0,0
USER-0014,14.73,15,1,0,0
USER-0014,26.73,19,1,0,0
USER-0014,73.52,22,1,0,0
USER-0014,16.31,12,1,1,0
USER-0014,6.8,22,1,0,0
USER-0014,63.11,15,1,0,0
USER-0014,18.53,17,1,1,0
USER-0014,293.46,20,1,0,0
USER-0014,10.36,9,1,0,0
USER-0014,18.48,9,1,0,0
USER-0014,16.73,10,1,0,0
USER-0014,58.56,8,1,0,0
USER-0014,47.43,7,1,0,0
USER-0014,7.58,20,1,0,0
USER-0015,36.17,17,1,1,0
USER-0015,94.32,9,1,1,0
USER-0015,124.5,7,1,0,0
USER-0015,74.01,10,1,1,0
USER-0015,57.53,17,1,0,0
USER-0015,43.13,13,1,0,0
USER-0015,19.36,11,1,0,0
USER-0015,43.89,22,1,1,0
USER-0015,8742.83,3,0,1,1
USER-0015,33.38,0,1,0,0
USER-0015,63.2,13,1,1,0
USER-0015,68.07,3,1,0,0
USER-0015,25.78,13,1,0,0
USER-0015,32.51,12,1,1,0
USER-0015,22.02,17,1,0,0
USER-0015,11.0,9,1,0,0
USER-0015,279.06,10,1,0,0
USER-0015,32.03,4,1,1,0
USER-0015,16.7,8,1,0,0
USER-0015,33.57,18,1,0,0
USER-0015,105.64,14,1,1,0
USER-0015,12.92,18,1,0,0
USER-0015,27.26,14,1,0,0
USER-0015,1.94,16,1,0,0
USER-0015,8.58,14,1,1,0
USER-0015,18.44,10,1,1,0
USER-0015,25.48,8,1,0,0
USER-0015,14.06,19,1,1,0
USER-0015,8670.81,4,0,1,1
USER-0015,146.08,22,1,1,0
USER-0015,80.29,14,1,1,0
USER-0015,20.22,15,1,0,0
USER-0015,51.72,19,1,0,0
USER-0015,5.18,9,1,0,0
USER-0015,90.77,17,1,1,0
USER-0015,38.26,17,1,0,0
USER-0015,135.55,9,1,0,0
USER-0015,25.85,18,1,0,0
USER-0015,51.37,11,1,0,0
USER-0015,11.18,17,1,1,0
USER-0015,1.43,14,1,1,0
USER-0015,9393.63,4,0,1,1
USER-0015,3971.2,2,0,0,1
USER-0015,145.82,15,1,1,0
USER-0015,33.07,14,1,1,0
USER-0015,23.45,22,1,0,0
USER-0015,49.24,9,1,0,0
USER-0015,309.15,9,1,0,0
USER-0015,96.14,14,1,0,0
USER-0015,14.13,11,1,0,0
USER-0015,40.05,21,1,0,0
USER-0015,109.67,12,1,1,0
USER-0015,19.71,21,1,0,0
USER-0015,69.89,12,1,0,0
USER-0015,109.31,11,1,1,0
USER-0015,6.67,17,1,0,0
USER-0015,12.3,11,1,0,0
USER-0015,16.92,12,1,1,0
USER-0015,31.49,10,1,0,0
USER-0015,49.56,6,1,1,0
USER-0015,72.85,8,1,0,0
USER-0015,7.46,9,1,1,0
USER-0015,34.93,8,1,0,0
USER-0015,6.66,14,1,0,0
USER-0015,14.89,7,1,0,0
USER-0016,90.47,11,1,1,0
USER-0016,13.4,10,1,0,0
USER-0016,273.77,22,1,0,0
USER-0016,24.38,18,1,0,0
USER-0016,33.25,9,1,0,0
USER-0016,24.42,10,1,0,0
USER-0016,6159.88,4,0,1,1
USER-0016,17.37,14,1,0,0
USER-0016,24.37,17,1,0,0
USER-0016,7.3,15,1,0,0
USER-0016,484.7,12,1,1,0
USER-0016,16.15,13,1,0,0
USER-0016,287.98,17,1,0,0
USER-0016,6.08,8,1,0,0
USER-0016,64.26,10,1,0,0
USER-0016,10.48,9,1,0,0
USER-0016,162.19,15,1,0,0
USER-0016,314.05,20,1,0,0
USER-0016,23.15,13,1,0,0
USER-0016,29.76,2,1,1,0
USER-0016,23.31,17,1,0,0
USER-0016,80.33,20,1,0,0
USER-0016,92.89,13,1,0,0
USER-0016,463.84,7,1,0,0
USER-0016,55.89,22,1,0,0
USER-0016,24.3,17,1,0,0
USER-0016,37.29,14,1,0,0
USER-0016,6.96,16,1,0,0
USER-0016,36.75,20,1,0,0
USER-0016,16.36,7,1,0,0
USER-0016,38.61,17,1,0,0
USER-0016,4.06,12,1,1,0
USER-0016,5198.23,3,0,0,1
USER-0016,36.25,14,1,1,0
USER-0016,33.89,15,1,0,0
USER-0016,15.05,18,1,1,0
USER-0016,56.83,15,1,0,0
USER-0016,148.71,7,1,0,0
USER-0016,15.09,18,1,0,0
USER-0016,35.11,17,1,0,0
USER-0016,105.38,1,1,1,0
USER-0016,21.1,10,1,1,0
USER-0016,39.03,7,1,0,0
USER-0016,25.51,16,1,0,0
USER-0016,54.77,16,1,0,0
USER-0016,74.2,15,1,1,0
USER-0016,19.84,14,1,1,0
USER-0016,35.19,7,1,0,0
USER-0016,105.89,11,1,0,0
USER-0016,6.51,12,1,0,0
USER-0016,3.87,11,1,0,0
USER-0016,6.71,6,1,0,0
USER-0016,22.2,11,1,0,0
USER-0016,42.36,11,1,0,0
USER-0016,33.64,13,1,0,0
USER-0016,78.19,18,1,1,0
USER-0016,24.46,16,1,1,0
USER-0016,9.39,9,1,0,0
USER-0016,15.98,12,1,0,0
USER-0016,40.64,17,1,1,0
USER-0016,7.73,17,1,0,0
USER-0016,19.13,12,1,0,0
USER-0016,320.67,15,1,0,0
USER-0016,117.65,15,1,0,0
USER-0016,27.29,18,1,0,0
USER-0016,37.26,12,1,1,0
USER-0016,62.33,17,1,0,0
USER-0016,59.24,10,1,0,0
USER-0016,17.98,11,1,0,0
USER-0016,33.63,11,1,0,0
USER-0016,6.65,17,1,0,0
USER-0016,268.36,8,1,0,0
USER-0016,25.1,15,1,0,0
USER-0016,55.1,21,1,1,0
USER-0016,84.76,12,1,0,0
USER-0016,118.13,10,1,0,0
USER-0016,44.03,7,1,0,0
USER-0017,16.58,10,1,0,0
USER-0017,158.87,12,1,0,0
USER-0017,157.9,12,1,1,0
USER-0017,42.33,11,1,0,0
USER-0017,138.6,12,1,0,0
USER-0017,42.81,19,1,0,0
USER-0017,20.81,18,1,0,0
USER-0017,66.62,19,1,0,0
USER-0017,48.57,9,1,0,0
USER-0017,35.08,10,1,0,0
USER-0017,93.87,6,1,0,0
USER-0017,136.47,20,1,0,0
USER-0017,9.45,12,1,0,0
USER-0017,28.05,23,1,1,0
USER-0017,13.48,16,1,0,0
USER-0017,19.42,17,1,0,0
USER-0017,2.73,11,1,1,0
USER-0017,64.79,9,1,0,0
USER-0017,12.01,21,1,0,0
USER-0017,27.95,13,1,0,0
USER-0017,3.04,11,1,1,0
USER-0017,14.53,17,1,0,0
USER-0017,120.69,14,1,0,0
USER-0017,4.86,15,1,0,0
USER-0017,46.1,10,1,0,0
USER-0017,31.93,15,1,0,0
USER-0017,118.49,12,1,0,0
USER-0017,76.58,6,1,0,0
USER-0017,73.2,17,1,0,0
USER-0017,34.04,21,1,0,0
USER-0017,107.05,15,1,0,0
USER-0017,6668.35,3,0,0,1
USER-0018,12.9,14,1,0,0
USER-0018,103.75,9,1,0,0
USER-0018,190.34,19,1,0,0
USER-0018,17.67,0,1,1,0
USER-0018,14.2,14,1,0,0
USER-0018,13.5,16,1,0,0
USER-0018,22.33,14,1,1,0
USER-0018,25.37,3,1,0,0
USER-0018,32.72,15,1,0,0
USER-0018,31.05,10,1,0,0
USER-0018,10.21,6,1,0,0
USER-0018,7919.73,4,0,1,1
USER-0018,14.66,11,1,1,0
USER-0018,46.88,20,1,1,0
USER-0018,6.1,17,1,0,0
USER-0018,216.14,12,1,0,0
USER-0018,45.77,14,1,1,0
USER-0018,22.53,10,1,0,0
USER-0018,311.23,10,1,0,0
USER-0018,39.28,9,1,0,0
USER-0018,17.92,2,1,0,0
USER-0018,21.69,22,1,0,0
USER-0018,27.86,18,1,1,0
USER-0018,63.46,14,1,0,0
USER-0018,258.77,10,1,0,0
USER-0018,27.54,11,1,1,0
USER-0018,24.65,10,1,1,0
USER-0018,6251.73,3,0,1,1
USER-0018,122.49,8,1,0,0
USER-0018,24.91,17,1,1,0
USER-0018,14.11,17,1,0,0
USER-0018,13.65,17,1,0,0
USER-0018,27.72,18,1,0,0
USER-0018,24.56,19,1,0,0
USER-0019,30.2,16,1,0,0
USER-0019,19.26,18,1,0,0
USER-0019,25.13,18,1,0,0
USER-0019,70.58,22,1,0,0
USER-0019,1.77,7,1,0,0
USER-0019,2.49,18,1,0,0
USER-0019,64.82,10,1,0,0
USER-0019,15.01,12,1,0,0
USER-0019,32.81,18,1,0,0
USER-0019,50.63,17,1,1,0
USER-0019,7.9,8,1,0,0
USER-0019,16.91,13,1,0,0
USER-0019,14.46,21,1,1,0
USER-0019,32.45,16,1,1,0
USER-0019,8.07,10,1,0,0
USER-0019,27.96,15,1,1,0
USER-0019,9.13,13,1,0,0
USER-0019,180.76,15,1,0,0
USER-0019,8.42,9,1,0,0
USER-0019,33.02,13,1,0,0
USER-0019,3.29,16,1,0,0
USER-0019,228.6,10,1,0,0
USER-0019,14.88,15,1,1,0
USER-0019,23.24,18,1,0,0
USER-0019,392.13,8,1,0,0
USER-0019,18.48,2,1,0,0
USER-0019,39.73,17,1,0,0
USER-0019,84.24,17,1,0,0
USER-0019,44.84,8,1,0,0
USER-0019,22.85,11,1,0,0
USER-0019,82.6,20,1,0,0
USER-0019,6.27,10,1,1,0
USER-0019,61.59,21,1,1,0
USER-0019,61.85,11,1,0,0
USER-0019,24.0,18,1,1,0
USER-0019,58.13,8,1,1,0
USER-0019,2480.04,4,0,0,1
USER-0019,26.39,23,1,0,0
USER-0019,40.21,14,1,0,0
USER-0019,7957.75,2,0,0,1
USER-0019,37.3,16,1,0,0
USER-0019,25.12,13,1,0,0
USER-0019,6.05,12,1,0,0
USER-0019,193.53,15,1,0,0
USER-0019,82.55,9,1,0,0
USER-0019,57.08,15,1,0,0
USER-0019,28.18,17,1,0,0
USER-0019,8.52,7,1,0,0
USER-0019,23.14,17,1,1,0
USER-0019,4.87,9,1,0,0
USER-0019,11.94,6,1,0,0
USER-0019,10.99,20,1,1,0
USER-0019,28.79,5,1,0,0
USER-0019,17.82,8,1,0,0
USER-0019,53.39,8,1,1,0
USER-0019,96.62,11,1,0,0
USER-0019,7.89,17,1,0,0
USER-0019,369.91,11,1,0,0
USER-0019,7.56,10,1,0,0
USER-0019,167.53,10,1,0,0
USER-0019,6.74,23,1,0,0
USER-0019,37.24,14,1,1,0
USER-0019,7301.4,4,0,0,1
USER-0020,31.85,7,1,1,0
USER-0020,31.36,16,1,0,0
USER-0020,138.05,9,1,0,0
USER-0020,32.53,12,1,0,0
USER-0020,7050.27,4,0,1,1
USER-0020,3761.95,3,0,0,1
USER-0020,29.17,12,1,1,0
USER-0020,100.23,14,1,1,0
USER-0020,70.63,15,1,0,0
USER-0020,17.64,18,1,0,0
USER-0020,137.38,14,1,0,0
USER-0020,87.61,18,1,0,0
USER-0020,70.67,5,1,0,0
USER-0020,15.56,15,1,0,0
USER-0020,73.56,15,1,0,0
USER-0020,194.65,7,1,0,0
USER-0020,11.57,9,1,1,0
USER-0020,68.73,12,1,0,0
USER-0020,61.75,12,1,1,0
USER-0020,7.89,9,1,1,0
USER-0020,30.8,9,1,0,0
USER-0020,168.41,14,1,1,0
USER-0020,26.05,17,1,0,0
USER-0020,149.8,13,1,1,0
USER-0020,75.88,12,1,0,0
USER-0020,9347.23,3,0,0,1
USER-0020,34.64,17,1,0,0
USER-0020,33.42,13,1,0,0
USER-0020,15.98,21,1,0,0
USER-0020,108.19,16,1,0,0
USER-0020,130.21,15,1,0,0
USER-0020,43.68,9,1,0,0
USER-0020,21.35,12,1,0,0
USER-0020,7765.48,2,0,0,1
USER-0020,40.0,7,1,0,0
USER-0020,47.29,20,1,0,0
USER-0020,35.05,21,1,0,0
USER-0020,33.12,11,1,0,0
USER-0020,43.84,15,1,1,0
USER-0020,30.34,11,1,0,0
USER-0020,27.98,16,1,1,0
USER-0020,19.83,17,1,0,0
USER-0020,127.61,8,1,1,0
USER-0020,23.95,6,1,0,0
USER-0020,206.72,11,1,1,0
USER-0020,90.06,9,1,0,0
USER-0021,25.23,15,1,1,0
USER-0021,21.66,11,1,1,0
USER-0021,67.39,15,1,0,0
USER-0021,26.23,15,1,0,0
USER-0021,76.62,9,1,0,0
USER-0021,6.71,20,1,1,0
USER-0021,35.79,12,1,1,0
USER-0021,20.38,17,1,1,0
USER-0021,2.72,15,1,0,0
USER-0021,23.04,13,1,0,0
USER-0021,44.79,18,1,0,0
USER-0021,17.89,15,1,0,0
USER-0021,7.71,8,1,1,0
USER-0021,8.96,9,1,1,0
USER-0021,38.17,21,1,0,0
USER-0021,46.6,9,1,0,0
USER-0021,70.41,10,1,0,0
USER-0021,155.36,16,1,0,0
USER-0021,90.59,8,1,0,0
USER-0021,5.89,20,1,0,0
USER-0021,66.01,10,1,0,0
USER-0021,54.73,23,1,0,0
USER-0021,98.26,14,1,0,0
USER-0021,37.22,7,1,0,0
USER-0021,19.29,12,1,0,0
USER-0021,46.62,15,1,0,0
USER-0021,22.93,0,1,0,0
USER-0021,8866.61,4,0,0,1
USER-0021,12.6,16,1,0,0
USER-0021,104.61,15,1,0,0
USER-0021,4078.68,4,0,0,1
USER-0021,623.36,14,1,0,0
USER-0021,10.67,7,1,0,0
USER-0021,8356.76,2,0,1,1
USER-0022,29.3,15,1,1,0
USER-0022,22.72,13,1,1,0
USER-0022,55.3,11,1,0,0
USER-0022,3374.04,4,0,1,1
USER-0022,8.89,8,1,0,0
USER-0022,11.75,9,1,0,0
USER-0022,2.99,12,1,0,0
USER-0022,19.35,11,1,0,0
USER-0022,59.47,6,1,0,0
USER-0022,26.85,11,1,0,0
USER-0022,7030.73,4,0,1,1
USER-0022,6.17,6,1,0,0
USER-0022,21.77,16,1,0,0
USER-0022,26.88,15,1,0,0
USER-0022,19.99,11,1,1,0
USER-0022,129.57,17,1,0,0
USER-0022,147.09,13,1,0,0
USER-0022,55.0,20,1,0,0
USER-0022,28.06,17,1,0,0
USER-0022,9.9,17,1,0,0
USER-0022,78.01,7,1,0,0
USER-0022,26.71,22,1,0,0
USER-0022,133.05,14,1,0,0
USER-0022,11.22,19,1,0,0
USER-0022,17.58,8,1,1,0
USER-0022,32.12,8,1,0,0
USER-0022,176.22,17,1,0,0
USER-0022,11.38,12,1,0,0
USER-0022,41.42,7,1,0,0
USER-0022,8.42,21,1,0,0
USER-0022,293.29,17,1,1,0
USER-0022,129.56,23,1,1,0
USER-0022,177.9,16,1,0,0
USER-0022,16.26,11,1,0,0
USER-0022,6808.93,3,0,0,1
USER-0022,24.79,15,1,0,0
USER-0022,251.97,15,1,0,0
USER-0022,27.35,14,1,1,0
USER-0022,15.18,9,1,0,0
USER-0022,257.62,16,1,0,0
USER-0022,125.26,18,1,0,0
USER-0022,42.04,7,1,1,0
USER-0022,194.22,18,1,0,0
USER-0022,144.51,6,1,0,0
USER-0022,7307.94,4,0,0,1
USER-0022,6.37,13,1,0,0
USER-0022,27.78,17,1,1,0
USER-0022,18.63,13,1,0,0
USER-0022,42.61,11,1,0,0
USER-0022,110.27,6,1,1,0
USER-0022,68.01,12,1,0,0
USER-0022,74.23,23,1,0,0
USER-0022,62.46,4,1,0,0
USER-0022,10.85,12,1,0,0
USER-0022,234.66,7,1,1,0
USER-0022,24.04,23,1,0,0
USER-0022,13.72,17,1,0,0
USER-0022,4.51,7,1,0,0
USER-0022,10.93,12,1,0,0
USER-0022,73.51,10,1,0,0
USER-0022,29.95,8,1,1,0
USER-0022,18.99,10,1,0,0
USER-0022,19.77,11,1,1,0
USER-0022,37.0,17,1,0,0
USER-0022,111.18,10,1,0,0
USER-0022,51.92,11,1,1,0
USER-0022,4.81,6,1,0,0
USER-0022,30.17,19,1,1,0
USER-0022,33.56,14,1,0,0
USER-0022,20.22,17,1,1,0
USER-0022,106.78,9,1,0,0
USER-0022,16.21,11,1,0,0
USER-0022,113.46,15,1,0,0
USER-0022,47.88,11,1,0,0
USER-0023,19.32,12,1,0,0
USER-0023,27.72,11,1,0,0
USER-0023,8.09,10,1,0,0
USER-0023,61.09,10,1,0,0
USER-0023,2225.16,2,0,1,1
USER-0023,170.17,22,1,0,0
USER-0023,94.09,8,1,1,0
USER-0023,19.57,20,1,0,0
USER-0023,57.92,22,1,0,0
USER-0023,100.83,12,1,1,0
USER-0023,10.36,10,1,0,0
USER-0023,58.83,6,1,0,0
USER-0023,33.86,9,1,1,0
USER-0023,44.85,8,1,0,0
USER-0023,65.52,12,1,0,0
USER-0023,25.22,22,1,1,0
USER-0023,88.59,17,1,0,0
USER-0023,55.6,17,1,1,0
USER-0023,6005.91,3,0,0,1
USER-0023,279.35,2,1,0,0
USER-0023,78.71,6,1,0,0
USER-0023,8.9,7,1,0,0
USER-0023,51.86,19,1,0,0
USER-0023,69.39,12,1,0,0
USER-0023,60.85,11,1,0,0
USER-0023,239.89,16,1,0,0
USER-0023,33.96,13,1,1,0
USER-0023,113.7,18,1,0,0
USER-0023,15.79,9,1,0,0
USER-0023,9081.2,3,0,0,1
USER-0023,36.54,20,1,0,0
USER-0023,35.51,18,1,0,0
USER-0023,28.6,17,1,0,0
USER-0023,40.67,21,1,1,0
USER-0023,97.09,17,1,0,0
USER-0023,40.36,16,1,1,0
USER-0023,90.42,13,1,0,0
USER-0023,7257.87,4,0,0,1
USER-0023,12.95,16,1,1,0
USER-0023,30.92,16,1,0,0
USER-0023,155.64,16,1,1,0
USER-0023,42.28,10,1,1,0
USER-0023,33.75,12,1,0,0
USER-0023,39.83,16,1,0,0
USER-0023,45.67,21,1,0,0
USER-0023,7.57,12,1,0,0
USER-0023,11.29,21,1,0,0
USER-0023,8.56,4,1,1,0
USER-0023,9.09,16,1,0,0
USER-0023,4135.97,2,0,0,1
USER-0023,39.25,6,1,1,0
USER-0023,270.45,7,1,0,0
USER-0023,81.02,16,1,0,0
USER-0023,11.77,10,1,0,0
USER-0023,112.03,21,1,0,0
USER-0023,29.76,16,1,0,0
USER-0023,18.24,9,1,1,0
USER-0023,22.16,11,1,0,0
USER-0023,14.87,12,1,0,0
USER-0023,95.48,8,1,0,0
USER-0023,192.27,8,1,0,0
USER-0023,129.54,11,1,0,0
USER-0023,146.45,17,1,0,0
USER-0023,77.57,7,1,0,0
USER-0023,21.66,15,1,0,0
USER-0023,36.51,17,1,0,0
USER-0023,71.22,4,1,1,0
USER-0023,30.86,17,1,1,0
USER-0023,14.83,11,1,0,0
USER-0023,39.0,8,1,1,0
USER-0023,40.35,22,1,0,0
USER-0023,12.05,2,1,0,0
USER-0023,9.99,18,1,0,0
USER-0023,21.19,9,1,1,0
USER-0023,52.72,16,1,1,0
USER-0023,4.35,9,1,0,0
USER-0023,88.41,20,1,0,0
USER-0023,23.07,10,1,0,0
USER-0024,49.32,13,1,0,0
USER-0024,23.69,9,1,0,0
USER-0024,7723.11,2,0,1,1
USER-0024,28.1,12,1,0,0
USER-0024,23.29,19,1,0,0
USER-0024,26.49,15,1,0,0
USER-0024,128.33,8,1,0,0
USER-0024,133.07,11,1,0,0
USER-0024,46.13,13,1,0,0
USER-0024,2.52,6,1,1,0
USER-0024,13.15,14,1,0,0
USER-0024,6517.34,3,0,0,1
USER-0024,35.71,3,1,0,0
USER-0024,35.6,13,1,0,0
USER-0024,50.76,13,1,0,0
USER-0024,10.06,7,1,0,0
USER-0024,32.68,9,1,0,0
USER-0024,10.48,18,1,1,0
USER-0024,46.56,8,1,1,0
USER-0024,9.66,4,1,0,0
USER-0024,9.28,8,1,1,0
USER-0024,203.22,11,1,0,0
USER-0024,13.01,17,1,1,0
USER-0024,46.64,9,1,1,0
USER-0024,12.49,11,1,0,0
USER-0024,5.9,17,1,0,0
USER-0024,12.21,7,1,0,0
USER-0024,7.91,11,1,0,0
USER-0024,24.43,15,1,0,0
USER-0024,5.75,11,1,0,0
USER-0024,10.28,23,1,0,0
USER-0024,65.19,14,1,1,0
USER-0024,126.32,13,1,0,0
USER-0024,183.63,16,1,0,0
USER-0024,91.09,19,1,1,0
USER-0024,54.14,19,1,0,0
USER-0024,28.08,8,1,1,0
USER-0024,3333.4,3,0,0,1
USER-0024,37.75,17,1,1,0
USER-0024,17.03,17,1,1,0
USER-0024,2.23,14,1,0,0
USER-0024,65.8,12,1,1,0
USER-0024,60.25,8,1,0,0
USER-0024,44.98,12,1,0,0
USER-0024,36.28,7,1,0,0
USER-0024,29.38,0,1,0,0
USER-0024,133.51,14,1,0,0
USER-0024,4.06,17,1,1,0
USER-0024,18.86,10,1,0,0
USER-0024,219.64,15,1,0,0
USER-0024,180.86,3,1,0,0
USER-0024,627.98,13,1,1,0
USER-0024,27.4,19,1,0,0
USER-0024,35.23,11,1,0,0
USER-0024,77.79,16,1,0,0
USER-0024,13.01,22,1,1,0
USER-0024,49.15,7,1,1,0
USER-0024,3.2,15,1,0,0
USER-0024,72.97,10,1,0,0
USER-0024,40.37,22,1,0,0
USER-0024,14.5,20,1,0,0
USER-0024,96.94,14,1,0,0
USER-0024,14.73,15,1,0,0
USER-0024,16.47,11,1,0,0
USER-0024,8.26,17,1,0,0
USER-0024,50.94,13,1,0,0
USER-0024,16.34,17,1,0,0
USER-0024,27.27,17,1,0,0
USER-0024,48.3,5,1,0,0
USER-0024,24.11,16,1,0,0
USER-0024,19.81,17,1,1,0
USER-0024,25.88,14,1,0,0
USER-0024,10.84,12,1,0,0
USER-0024,17.15,9,1,0,0
USER-0024,16.63,10,1,0,0
USER-0024,17.61,16,1,1,0
USER-0024,12.36,20,1,0,0
USER-0024,101.55,17,1,0,0
USER-0024,11.48,11,1,0,0
USER-0025,35.89,9,1,0,0
USER-0025,30.76,17,1,1,0
USER-0025,19.43,7,1,0,0
USER-0025,71.18,13,1,0,0
USER-0025,7.14,21,1,0,0
USER-0025,339.4,11,1,1,0
USER-0025,26.25,15,1,0,0
USER-0025,14.73,6,1,1,0
USER-0025,61.83,20,1,0,0
USER-0025,2027.78,4,0,1,1
USER-0025,58.92,11,1,1,0
USER-0025,45.97,0,1,0,0
USER-0025,11.3,10,1,0,0
USER-0025,111.09,7,1,0,0
USER-0025,47.83,13,1,1,0
USER-0025,318.33,10,1,0,0
USER-0025,3553.67,3,0,1,1
USER-0025,22.39,7,1,0,0
USER-0025,11.18,14,1,0,0
USER-0025,80.21,9,1,1,0
USER-0025,66.46,17,1,0,0
USER-0025,11.02,10,1,0,0
USER-0025,23.23,16,1,1,0
USER-0025,9.5,17,1,0,0
USER-0025,40.85,18,1,0,0
USER-0025,6553.83,3,0,0,1
USER-0025,25.09,9,1,1,0
USER-0025,110.22,13,1,1,0
USER-0025,105.63,16,1,0,0
USER-0025,48.9,14,1,1,0
USER-0025,18.2,23,1,0,0
USER-0025,59.74,8,1,0,0
USER-0025,17.97,13,1,0,0
USER-0025,7.93,17,1,0,0
USER-0025,83.15,8,1,0,0
USER-0025,197.75,19,1,0,0
USER-0025,19.42,13,1,0,0
USER-0025,7.18,8,1,0,0
USER-0025,94.88,15,1,0,0
USER-0025,50.5,9,1,1,0
USER-0025,46.19,19,1,0,0
USER-0025,197.18,14,1,0,0
USER-0025,9.09,16,1,0,0
USER-0025,24.58,17,1,0,0
USER-0025,94.18,15,1,1,0
USER-0025,25.82,9,1,0,0
USER-0025,35.54,11,1,0,0
USER-0025,45.56,13,1,0,0
USER-0025,9.16,8,1,0,0
USER-0025,8382.57,2,0,0,1
USER-0025,61.6,9,1,0,0
USER-0025,30.53,11,1,0,0
USER-0025,31.94,22,1,1,0
USER-0025,8.12,12,1,0,0
USER-0025,10.55,7,1,0,0
USER-0025,27.84,16,1,0,0
USER-0025,115.9,22,1,1,0
USER-0025,76.66,4,1,0,0
USER-0025,58.22,15,1,0,0
USER-0025,213.98,13,1,1,0
USER-0025,21.96,14,1,0,0
USER-0025,49.14,14,1,0,0
USER-0025,153.84,15,1,1,0
USER-0025,43.65,15,1,0,0
USER-0025,4.58,15,1,0,0
USER-0025,85.58,8,1,0,0
USER-0025,39.5,20,1,0,0
USER-0025,15.5,8,1,0,0
USER-0025,7.4,15,1,0,0
USER-0025,19.49,14,1,0,0
USER-0025,2.37,18,1,0,0
USER-0025,18.28,17,1,0,0
USER-0025,19.08,14,1,1,0
USER-0025,49.17,16,1,1,0
USER-0025,54.63,13,1,0,0
USER-0025,12.89,8,1,1,0
USER-0025,50.4,16,1,0,0
USER-0025,37.45,8,1,1,0
USER-0026,29.22,17,1,1,0
USER-0026,18.2,13,1,0,0
USER-0026,55.57,13,1,0,0
USER-0026,38.15,21,1,0,0
USER-0026,56.18,14,1,0,0
USER-0026,29.72,10,1,1,0
USER-0026,17.23,6,1,0,0
USER-0026,34.54,18,1,0,0
USER-0026,3416.62,3,0,0,1
USER-0026,69.69,6,1,0,0
USER-0026,81.67,18,1,0,0
USER-0026,13.72,9,1,0,0
USER-0026,151.75,7,1,0,0
USER-0026,19.02,9,1,1,0
USER-0026,37.72,14,1,0,0
USER-0026,98.81,12,1,0,0
USER-0026,152.15,22,1,1,0
USER-0026,9502.88,4,0,0,1
USER-0026,102.83,8,1,0,0
USER-0026,141.08,11,1,0,0
USER-0026,11.51,17,1,0,0
USER-0026,26.33,15,1,0,0
USER-0026,92.58,10,1,0,0
USER-0026,56.23,4,1,0,0
USER-0026,27.48,15,1,0,0
USER-0026,95.8,12,1,0,0
USER-0026,28.95,22,1,0,0
USER-0026,15.32,1,1,0,0
USER-0026,16.54,8,1,0,0
USER-0026,4.8,20,1,0,0
USER-0026,23.24,7,1,1,0
USER-0026,266.76,14,1,0,0
USER-0026,10.53,14,1,0,0
USER-0026,20.84,17,1,0,0
USER-0026,24.57,22,1,1,0
USER-0026,21.03,14,1,0,0
USER-0026,21.58,11,1,0,0
USER-0026,80.19,11,1,0,0
USER-0026,12.73,8,1,0,0
USER-0026,12.28,8,1,0,0
USER-0026,219.04,11,1,0,0
USER-0026,171.16,15,1,1,0
USER-0026,84.3,8,1,0,0
USER-0026,18.99,10,1,0,0
USER-0026,20.08,8,1,0,0
USER-0026,50.02,3,1,1,0
USER-0026,83.47,13,1,0,0
USER-0026,82.32,21,1,0,0
USER-0026,36.4,19,1,0,0
USER-0026,28.12,16,1,1,0
USER-0026,12.48,11,1,0,0
USER-0026,7.4,2,1,1,0
USER-0026,44.46,16,1,0,0
USER-0026,94.29,11,1,0,0
USER-0026,4831.89,2,0,0,1
USER-0026,146.79,16,1,0,0
USER-0026,22.01,13,1,0,0
USER-0026,21.12,14,1,1,0
USER-0026,172.34,12,1,1,0
USER-0026,8.85,16,1,0,0
USER-0026,142.69,16,1,0,0
USER-0026,16.58,14,1,1,0
USER-0027,11.66,9,1,0,0
USER-0027,16.2,5,1,1,0
USER-0027,89.1,9,1,0,0
USER-0027,16.82,11,1,0,0
USER-0027,70.46,3,1,0,0
USER-0027,35.27,12,1,0,0
USER-0027,34.02,16,1,1,0
USER-0027,77.44,15,1,0,0
USER-0027,16.44,17,1,0,0
USER-0027,54.93,14,1,0,0
USER-0027,27.55,13,1,0,0
USER-0027,54.35,7,1,0,0
USER-0027,13.75,11,1,1,0
USER-0027,122.76,17,1,0,0
USER-0027,12.22,13,1,0,0
USER-0027,11.54,16,1,0,0
USER-0027,193.19,7,1,0,0
USER-0027,11.64,8,1,0,0
USER-0027,6.66,11,1,0,0
USER-0027,23.87,21,1,0,0
USER-0027,17.34,20,1,0,0
USER-0027,28.83,8,1,0,0
USER-0027,117.43,14,1,0,0
USER-0028,25.97,12,1,0,0
USER-0028,5.36,21,1,0,0
USER-0028,14.37,17,1,0,0
USER-0028,5.8,17,1,0,0
USER-0028,40.5,17,1,0,0
USER-0028,20.38,11,1,0,0
USER-0028,8770.32,3,0,1,1
USER-0028,88.93,7,1,0,0
USER-0028,93.84,10,1,0,0
USER-0028,15.64,12,1,0,0
USER-0028,10.06,9,1,1,0
USER-0028,53.11,11,1,0,0
USER-0028,89.91,15,1,0,0
USER-0028,16.16,19,1,0,0
USER-0028,232.62,23,1,0,0
USER-0028,171.97,0,1,1,0
USER-0028,59.23,17,1,0,0
USER-0028,16.79,8,1,0,0
USER-0028,4558.12,4,0,0,1
USER-0028,104.24,12,1,0,0
USER-0028,17.49,15,1,0,0
USER-0028,91.51,9,1,0,0
USER-0028,25.81,11,1,0,0
USER-0028,27.78,9,1,0,0
USER-0028,31.78,11,1,0,0
USER-0028,19.83,8,1,0,0
USER-0028,25.35,12,1,0,0
USER-0028,67.08,17,1,0,0
USER-0028,103.37,20,1,0,0
USER-0028,35.89,8,1,0,0
USER-0028,14.85,8,1,0,0
USER-0028,9.99,18,1,1,0
USER-0028,30.33,17,1,0,0
USER-0028,26.75,19,1,1,0
USER-0028,28.23,11,1,1,0
USER-0028,93.97,12,1,1,0
USER-0028,10.71,13,1,1,0
USER-0028,48.3,14,1,0,0
USER-0028,8.29,17,1,0,0
USER-0028,6.89,11,1,1,0
USER-0028,36.41,19,1,0,0
USER-0028,58.7,12,1,1,0
USER-0029,80.87,19,1,0,0
USER-0029,87.03,13,1,1,0
USER-0029,58.21,22,1,0,0
USER-0029,89.31,19,1,0,0
USER-0029,41.17,10,1,1,0
USER-0029,20.67,19,1,0,0
USER-0029,30.31,8,1,0,0
USER-0029,11.49,8,1,1,0
USER-0029,61.72,13,1,1,0
USER-0029,7.82,10,1,0,0
USER-0029,4.17,19,1,0,0
USER-0029,29.83,20,1,0,0
USER-0029,38.42,13,1,1,0
USER-0029,2397.83,3,0,0,1
USER-0029,261.87,6,1,0,0
USER-0029,76.14,18,1,0,0
USER-0029,19.8,8,1,0,0
USER-0029,88.76,6,1,1,0
USER-0029,5635.48,2,0,1,1
USER-0029,3583.88,3,0,0,1
USER-0029,205.14,20,1,1,0
USER-0029,146.19,7,1,0,0
USER-0029,135.6,9,1,0,0
USER-0029,77.41,12,1,0,0
USER-0029,8.84,12,1,0,0
USER-0029,5.89,12,1,0,0
USER-0029,97.78,18,1,0,0
USER-0029,18.04,7,1,0,0
USER-0029,24.81,10,1,1,0
USER-0029,12.8,17,1,0,0
USER-0029,25.37,16,1,0,0
USER-0029,9.68,3,1,0,0
USER-0029,4144.67,4,0,0,1
USER-0029,50.68,12,1,0,0
USER-0029,42.72,11,1,1,0
USER-0029,45.09,16,1,0,0
USER-0029,1.36,19,1,0,0
USER-0029,5.73,21,1,0,0
USER-0029,36.62,19,1,1,0
USER-0029,10.05,8,1,0,0
USER-0029,37.27,19,1,0,0
USER-0029,6715.95,3,0,0,1
USER-0029,7082.92,2,0,0,1
USER-0029,23.07,7,1,0,0
USER-0029,53.28,9,1,0,0
USER-0029,204.86,9,1,1,0
USER-0029,12.98,14,1,1,0
USER-0029,11.34,16,1,0,0
USER-0029,23.59,19,1,0,0
USER-0030,97.31,18,1,1,0
USER-0030,40.73,11,1,0,0
USER-0030,11.94,18,1,1,0
USER-0030,24.66,10,1,0,0
USER-0030,640.46,19,1,0,0
USER-0030,71.82,19,1,0,0
USER-0030,33.08,13,1,1,0
USER-0030,8.71,7,1,0,0
USER-0030,25.74,15,1,0,0
USER-0030,7.53,18,1,0,0
USER-0030,30.6,11,1,0,0
USER-0030,84.38,18,1,0,0
USER-0030,49.9,18,1,0,0
USER-0030,8309.35,3,0,0,1
USER-0030,137.11,12,1,0,0
USER-0030,48.45,12,1,0,0
USER-0030,18.57,14,1,0,0
USER-0030,70.13,13,1,0,0
USER-0030,8245.79,3,0,1,1
USER-0030,37.21,9,1,0,0
USER-0030,18.96,10,1,0,0
USER-0030,40.53,20,1,1,0
USER-0030,39.04,9,1,1,0
USER-0030,60.35,11,1,0,0
USER-0030,8691.63,3,0,0,1
USER-0030,24.42,16,1,1,0
USER-0030,18.18,10,1,0,0
USER-0030,4.09,12,1,0,0
USER-0030,8.39,13,1,1,0
USER-0030,36.1,5,1,0,0
USER-0030,2540.11,4,0,1,1
USER-0030,5.56,13,1,0,0
USER-0030,5459.05,4,0,0,1
USER-0030,33.0,14,1,0,0
USER-0030,46.58,1,1,0,0
USER-0030,210.07,18,1,1,0
USER-0030,7.88,2,1,0,0
USER-0030,77.79,21,1,0,0
USER-0030,10.13,8,1,0,0
USER-0030,61.35,11,1,0,0
USER-0030,18.42,18,1,1,0
USER-0030,124.49,18,1,0,0
USER-0030,16.71,23,1,1,0
USER-0031,49.95,23,1,0,0
USER-0031,22.87,17,1,0,0
USER-0031,44.62,14,1,1,0
USER-0031,10.06,18,1,0,0
USER-0031,39.76,11,1,1,0
USER-0031,67.47,10,1,0,0
USER-0031,48.35,18,1,0,0
USER-0031,57.66,14,1,0,0
USER-0031,4.76,14,1,1,0
USER-0031,22.83,9,1,1,0
USER-0031,107.59,7,1,0,0
USER-0031,97.35,20,1,0,0
USER-0031,26.55,13,1,0,0
USER-0031,62.18,3,1,0,0
USER-0031,41.29,15,1,0,0
USER-0031,73.54,7,1,0,0
USER-0031,30.2,13,1,1,0
USER-0031,23.66,20,1,1,0
USER-0031,27.98,14,1,1,0
USER-0031,8.34,18,1,1,0
USER-0031,35.51,12,1,1,0
USER-0031,42.64,23,1,1,0
USER-0031,108.69,2,1,0,0
USER-0031,168.88,12,1,0,0
USER-0031,120.31,13,1,1,0
USER-0031,21.78,2,1,0,0
USER-0031,40.03,8,1,0,0
USER-0031,7.49,15,1,1,0
USER-0031,3170.85,3,0,0,1
USER-0031,33.68,18,1,0,0
USER-0031,14.97,19,1,0,0
USER-0031,421.2,16,1,0,0
USER-0031,35.41,9,1,0,0
USER-0031,54.07,15,1,0,0
USER-0031,7.41,7,1,0,0
USER-0031,57.89,14,1,0,0
USER-0031,33.2,6,1,0,0
USER-0031,11.59,13,1,0,0
USER-0031,14.42,19,1,0,0
USER-0031,20.84,5,1,0,0
USER-0031,45.45,21,1,0,0
USER-0031,8.11,15,1,0,0
USER-0031,37.66,14,1,0,0
USER-0031,7012.58,4,0,0,1
USER-0031,123.26,15,1,1,0
USER-0031,19.34,17,1,0,0
USER-0031,24.09,11,1,0,0
USER-0031,18.37,14,1,0,0
USER-0031,10.44,23,1,1,0
USER-0031,28.11,16,1,0,0
USER-0031,7104.91,4,0,1,1
USER-0031,57.85,11,1,0,0
USER-0031,23.41,18,1,0,0
USER-0031,14.69,3,1,0,0
USER-0031,4825.47,4,0,0,1
USER-0031,6.84,14,1,0,0
USER-0031,33.16,13,1,1,0
USER-0031,4563.89,4,0,0,1
USER-0031,16.95,10,1,0,0
USER-0031,51.37,7,1,0,0
USER-0031,13.32,13,1,0,0
USER-0031,11.62,16,1,0,0
USER-0031,215.47,16,1,0,0
USER-0031,6.75,11,1,0,0
USER-0031,45.76,10,1,0,0
USER-0032,9.35,13,1,0,0
USER-0032,92.85,4,1,0,0
USER-0032,12.49,8,1,1,0
USER-0032,17.46,4,1,1,0
USER-0032,101.59,15,1,0,0
USER-0032,83.98,12,1,0,0
USER-0032,18.2,2,1,1,0
USER-0032,12.35,8,1,0,0
USER-0032,7.91,8,1,0,0
USER-0032,24.54,8,1,0,0
USER-0032,306.09,9,1,0,0
USER-0032,7.16,12,1,0,0
USER-0032,13.23,14,1,0,0
USER-0032,26.55,17,1,0,0
USER-0032,13.74,13,1,1,0
USER-0032,75.54,11,1,1,0
USER-0032,63.17,19,1,0,0
USER-0032,201.99,6,1,0,0
USER-0032,22.6,14,1,0,0
USER-0032,116.11,15,1,0,0
USER-0032,87.5,12,1,0,0
USER-0032,42.98,21,1,0,0
USER-0032,22.12,20,1,1,0
USER-0032,14.5,9,1,0,0
USER-0032,3154.52,4,0,1,1
USER-0032,11.88,8,1,0,0
USER-0032,17.94,11,1,0,0
USER-0032,26.36,5,1,0,0
USER-0032,25.92,17,1,0,0
USER-0032,11.48,14,1,0,0
USER-0032,19.66,8,1,0,0
USER-0032,16.2,11,1,0,0
USER-0032,119.18,7,1,0,0
USER-0032,14.59,7,1,1,0
USER-0032,30.13,9,1,0,0
USER-0032,13.95,14,1,0,0
USER-0032,25.79,7,1,0,0
USER-0032,16.47,11,1,0,0
USER-0032,21.47,12,1,0,0
USER-0032,90.66,2,1,0,0
USER-0032,9.07,18,1,0,0
USER-0032,10.86,3,1,0,0
USER-0032,3313.22,2,0,1,1
USER-0032,70.82,10,1,0,0
USER-0032,107.94,8,1,0,0
USER-0032,147.53,20,1,0,0
USER-0032,41.75,11,1,1,0
USER-0032,14.41,10,1,0,0
USER-0032,9.69,9,1,0,0
USER-0032,37.31,21,1,0,0
USER-0032,100.14,23,1,1,0
USER-0032,26.98,16,1,0,0
USER-0032,11.56,8,1,0,0
USER-0032,74.45,18,1,0,0
USER-0032,14.45,15,1,1,0
USER-0032,56.4,17,1,0,0
USER-0032,23.84,16,1,0,0
USER-0032,276.28,2,1,0,0
USER-0032,43.09,16,1,0,0
USER-0032,19.23,10,1,0,0
USER-0032,64.8,11,1,0,0
USER-0032,78.49,5,1,0,0
USER-0032,82.93,10,1,1,0
USER-0032,63.73,8,1,0,0
USER-0032,98.22,19,1,0,0
USER-0032,47.74,0,1,0,0
USER-0032,41.84,12,1,0,0
USER-0032,22.43,17,1,0,0
USER-0032,52.23,8,1,0,0
USER-0032,33.19,19,1,1,0
USER-0032,734.21,9,1,1,0
USER-0032,20.95,18,1,0,0
USER-0032,5.0,10,1,0,0
USER-0032,47.72,11,1,0,0
USER-0032,1.93,13,1,0,0
USER-0032,4086.19,4,0,0,1
USER-0033,16.47,16,1,0,0
USER-0033,32.32,16,1,0,0
USER-0033,21.5,16,1,1,0
USER-0033,34.01,11,1,0,0
USER-0033,10.23,16,1,0,0
USER-0033,26.11,8,1,0,0
USER-0033,44.37,5,1,0,0
USER-0033,92.96,10,1,1,0
USER-0033,33.28,6,1,0,0
USER-0033,9.85,18,1,0,0
USER-0033,49.18,17,1,0,0
USER-0033,12.57,15,1,0,0
USER-0033,27.22,10,1,0,0
USER-0033,17.25,18,1,0,0
USER-0033,15.82,8,1,0,0
USER-0033,10.39,9,1,0,0
USER-0033,9.22,17,1,1,0
USER-0033,48.96,17,1,1,0
USER-0033,6.84,14,1,0,0
USER-0033,16.63,10,1,1,0
USER-0033,20.48,13,1,0,0
USER-0033,16.85,13,1,0,0
USER-0033,24.04,11,1,0,0
USER-0033,403.48,21,1,0,0
USER-0033,212.76,7,1,1,0
USER-0033,22.77,8,1,0,0
USER-0033,49.65,5,1,0,0
USER-0033,20.12,11,1,0,0
USER-0033,45.55,9,1,0,0
USER-0033,61.56,3,1,0,0
USER-0033,47.08,10,1,1,0
USER-0034,90.85,12,1,1,0
USER-0034,41.72,18,1,0,0
USER-0034,136.87,22,1,0,0
USER-0034,27.89,9,1,0,0
USER-0034,57.28,13,1,1,0
USER-0034,108.2,11,1,0,0
USER-0034,25.79,9,1,0,0
USER-0034,356.58,11,1,0,0
USER-0034,59.06,8,1,0,0
USER-0034,75.63,15,1,1,0
USER-0034,160.99,9,1,0,0
USER-0034,8.66,14,1,0,0
USER-0034,3.75,15,1,0,0
USER-0034,15.8,7,1,0,0
USER-0034,34.8,4,1,0,0
USER-0034,131.97,16,1,1,0
USER-0034,7.8,12,1,0,0
USER-0034,11.54,10,1,1,0
USER-0034,18.03,11,1,1,0
USER-0034,8.5,13,1,1,0
USER-0034,8.47,7,1,0,0
USER-0035,18.91,4,1,1,0
USER-0035,56.26,21,1,0,0
USER-0035,69.56,15,1,0,0
USER-0035,12.76,13,1,1,0
USER-0035,6.91,13,1,0,0
USER-0035,29.89,19,1,0,0
USER-0035,97.85,14,1,1,0
USER-0035,35.99,12,1,0,0
USER-0035,70.08,12,1,0,0
USER-0035,4664.03,4,0,0,1
USER-0035,64.14,10,1,0,0
USER-0035,29.31,12,1,1,0
USER-0035,268.41,14,1,0,0
USER-0035,23.69,18,1,0,0
USER-0035,138.69,8,1,0,0
USER-0035,49.01,17,1,0,0
USER-0035,10.64,10,1,0,0
USER-0035,89.13,9,1,0,0
USER-0035,20.29,8,1,0,0
USER-0035,46.23,1,1,1,0
USER-0035,3.67,10,1,0,0
USER-0035,31.77,14,1,0,0
USER-0035,25.21,20,1,1,0
USER-0035,161.31,16,1,0,0
USER-0035,11.44,18,1,0,0
USER-0035,74.32,13,1,1,0
USER-0035,21.1,10,1,0,0
USER-0035,27.49,13,1,0,0
USER-0035,26.76,21,1,0,0
USER-0035,12.57,9,1,1,0
USER-0035,12.29,17,1,0,0
USER-0035,89.89,10,1,0,0
USER-0035,15.98,8,1,0,0
USER-0035,38.37,12,1,1,0
USER-0035,10.96,12,1,0,0
USER-0035,21.98,19,1,0,0
USER-0035,128.04,10,1,0,0
USER-0035,8.58,14,1,1,0
USER-0035,18.3,14,1,0,0
USER-0035,27.16,16,1,0,0
USER-0035,73.42,7,1,0,0
USER-0035,23.8,9,1,0,0
USER-0035,64.23,7,1,0,0
USER-0035,6.7,7,1,1,0
USER-0035,45.19,19,1,1,0
USER-0035,49.33,2,1,0,0
USER-0035,8.34,9,1,0,0
USER-0035,31.93,16,1,1,0
USER-0035,26.9,13,1,0,0
USER-0035,7.21,7,1,0,0
USER-0035,4.56,0,1,0,0
USER-0035,51.96,9,1,0,0
USER-0035,99.76,12,1,0,0
USER-0035,19.78,7,1,0,0
USER-0035,24.29,20,1,0,0
USER-0035,100.23,16,1,0,0
USER-0035,6266.4,4,0,0,1
USER-0035,5.78,13,1,0,0
USER-0035,207.38,6,1,0,0
USER-0035,12.1,8,1,0,0
USER-0036,8.38,14,1,0,0
USER-0036,3.74,15,1,0,0
USER-0036,28.18,23,1,1,0
USER-0036,149.29,18,1,0,0
USER-0036,149.89,13,1,1,0
USER-0036,228.5,12,1,1,0
USER-0036,21.54,14,1,0,0
USER-0036,8.81,12,1,1,0
USER-0036,41.4,13,1,0,0
USER-0036,6.72,17,1,0,0
USER-0036,11.02,16,1,0,0
USER-0036,4310.21,4,0,0,1
USER-0036,89.92,6,1,0,0
USER-0036,69.65,9,1,0,0
USER-0036,18.46,18,1,1,0
USER-0036,9.02,15,1,0,0
USER-0036,15.34,7,1,0,0
USER-0036,8.36,10,1,1,0
USER-0036,147.05,11,1,0,0
USER-0036,35.44,12,1,0,0
USER-0036,135.01,11,1,0,0
USER-0036,10.6,10,1,1,0
USER-0036,9090.64,4,0,0,1
USER-0036,84.43,18,1,0,0
USER-0036,34.79,12,1,0,0
USER-0036,17.01,7,1,0,0
USER-0036,54.46,17,1,1,0
USER-0036,74.49,18,1,0,0
USER-0036,10.96,15,1,0,0
USER-0036,41.83,8,1,0,0
USER-0036,8.27,6,1,1,0
USER-0036,27.22,16,1,0,0
USER-0036,5612.21,4,0,0,1
USER-0036,46.31,9,1,0,0
USER-0036,27.0,14,1,0,0
USER-0036,50.48,12,1,0,0
USER-0036,5.65,13,1,0,0
USER-0036,15.0,18,1,1,0
USER-0036,194.85,11,1,0,0
USER-0036,36.92,9,1,1,0
USER-0036,19.19,10,1,0,0
USER-0036,114.61,6,1,0,0
USER-0036,74.6,12,1,0,0
USER-0036,72.15,12,1,0,0
USER-0037,9.59,21,1,0,0
USER-0037,20.89,17,1,0,0
USER-0037,77.97,7,1,0,0
USER-0037,99.4,17,1,1,0
USER-0037,68.38,13,1,1,0
USER-0037,102.99,8,1,0,0
USER-0037,31.87,1,1,0,0
USER-0037,25.12,9,1,1,0
USER-0037,100.85,21,1,0,0
USER-0037,18.27,9,1,0,0
USER-0037,9.92,11,1,1,0
USER-0037,23.53,12,1,0,0
USER-0037,26.33,6,1,0,0
USER-0037,69.44,17,1,0,0
USER-0037,78.37,17,1,0,0
USER-0037,50.73,9,1,0,0
USER-0037,3749.04,2,0,0,1
USER-0037,33.24,10,1,0,0
USER-0037,99.29,16,1,0,0
USER-0037,12.9,16,1,0,0
USER-0037,33.81,15,1,0,0
USER-0037,100.46,6,1,1,0
USER-0037,82.0,11,1,1,0
USER-0037,97.48,16,1,0,0
USER-0037,27.12,5,1,0,0
USER-0037,8401.22,2,0,0,1
USER-0037,18.43,21,1,0,0
USER-0037,34.08,15,1,0,0
USER-0037,67.46,12,1,0,0
USER-0037,25.7,17,1,1,0
USER-0037,35.49,13,1,0,0
USER-0037,11.66,14,1,1,0
USER-0037,68.01,10,1,0,0
USER-0037,46.53,15,1,1,0
USER-0037,139.37,16,1,0,0
USER-0037,18.83,21,1,0,0
USER-0037,44.16,13,1,1,0
USER-0037,62.28,9,1,0,0
USER-0037,42.15,22,1,0,0
USER-0037,168.52,15,1,0,0
USER-0037,3.29,14,1,0,0
USER-0037,23.53,21,1,0,0
USER-0037,52.23,9,1,0,0
USER-0037,30.3,22,1,0,0
USER-0037,68.35,16,1,0,0
USER-0037,178.01,10,1,0,0
USER-0037,7.79,14,1,0,0
USER-0037,95.99,10,1,0,0
USER-0037,20.79,18,1,0,0
USER-0037,145.92,11,1,0,0
USER-0037,58.21,14,1,0,0
USER-0037,17.76,12,1,0,0
USER-0037,72.74,15,1,0,0
USER-0037,29.46,12,1,0,0
USER-0037,6.97,17,1,0,0
USER-0037,8339.9,3,0,0,1
USER-0037,10.19,12,1,0,0
USER-0037,19.13,13,1,1,0
USER-0037,49.25,7,1,0,0
USER-0037,57.22,16,1,0,0
USER-0037,10.84,17,1,1,0
USER-0037,14.84,17,1,0,0
USER-0037,32.83,7,1,0,0
USER-0037,15.76,12,1,0,0
USER-0037,80.69,11,1,0,0
USER-0037,43.8,14,1,1,0
USER-0037,115.91,17,1,0,0
USER-0037,41.64,10,1,1,0
USER-0037,7.37,7,1,0,0
USER-0037,29.56,15,1,0,0
USER-0037,8.18,13,1,0,0
USER-0037,101.12,8,1,1,0
USER-0037,3636.91,2,0,0,1
USER-0037,17.79,18,1,1,0
USER-0037,29.2,15,1,1,0
USER-0037,47.6,17,1,0,0
USER-0037,12.75,11,1,1,0
USER-0037,62.67,10,1,0,0
USER-0038,11.58,12,1,1,0
USER-0038,30.18,10,1,0,0
USER-0038,12.55,7,1,0,0
USER-0038,30.44,7,1,0,0
USER-0038,29.26,22,1,1,0
USER-0038,14.68,18,1,0,0
USER-0038,22.66,7,1,0,0
USER-0038,51.99,19,1,0,0
USER-0038,73.31,16,1,1,0
USER-0038,13.9,10,1,1,0
USER-0038,8.75,8,1,0,0
USER-0038,6.77,11,1,0,0
USER-0038,81.13,17,1,0,0
USER-0038,5.07,17,1,1,0
USER-0038,35.85,13,1,0,0
USER-0038,17.12,8,1,0,0
USER-0038,45.5,12,1,0,0
USER-0038,80.44,13,1,0,0
USER-0038,77.03,15,1,1,0
USER-0038,43.49,14,1,0,0
USER-0038,49.98,14,1,0,0
USER-0038,291.99,19,1,1,0
USER-0038,41.44,13,1,0,0
USER-0038,88.32,16,1,0,0
USER-0038,24.29,16,1,0,0
USER-0038,43.23,13,1,1,0
USER-0038,291.01,16,1,0,0
USER-0039,26.94,9,1,0,0
USER-0039,180.58,17,1,0,0
USER-0039,63.35,1,1,0,0
USER-0039,9.09,6,1,0,0
USER-0039,41.17,7,1,0,0
USER-0039,68.23,10,1,0,0
USER-0039,14.64,10,1,0,0
USER-0039,42.61,8,1,0,0
USER-0039,75.39,12,1,0,0
USER-0039,72.37,8,1,1,0
USER-0039,40.6,23,1,1,0
USER-0039,25.32,14,1,0,0
USER-0039,27.64,9,1,1,0
USER-0039,5.92,11,1,0,0
USER-0039,9326.39,3,0,0,1
USER-0039,12.07,20,1,0,0
USER-0039,51.57,22,1,0,0
USER-0039,794.97,15,1,0,0
USER-0039,21.44,17,1,1,0
USER-0039,9.21,8,1,0,0
USER-0039,23.48,9,1,0,0
USER-0039,26.42,9,1,1,0
USER-0040,60.62,3,1,1,0
USER-0040,25.09,6,1,0,0
USER-0040,6.59,11,1,0,0
USER-0040,20.32,20,1,1,0
USER-0040,49.26,9,1,1,0
USER-0040,16.93,19,1,0,0
USER-0040,28.85,18,1,0,0
USER-0040,64.33,20,1,0,0
USER-0040,24.59,12,1,0,0
USER-0040,106.66,21,1,1,0
USER-0040,55.25,14,1,0,0
USER-0040,14.87,14,1,1,0
USER-0040,8.39,10,1,1,0
USER-0040,67.34,13,1,0,0
USER-0040,11.03,8,1,0,0
USER-0040,99.8,8,1,0,0
USER-0040,10.74,16,1,0,0
USER-0040,9165.91,4,0,1,1
USER-0040,23.77,16,1,0,0
USER-0040,47.64,12,1,0,0
USER-0040,11.01,14,1,0,0
USER-0040,288.22,10,1,1,0
USER-0040,44.7,13,1,0,0
USER-0040,31.01,16,1,0,0
USER-0040,40.82,16,1,0,0
USER-0040,25.04,8,1,1,0
USER-0040,7803.02,4,0,1,1
USER-0040,44.04,9,1,0,0
USER-0040,80.54,18,1,0,0
USER-0040,42.07,0,1,0,0
USER-0040,129.87,16,1,0,0
USER-0040,182.51,22,1,0,0
USER-0040,182.82,16,1,0,0
USER-0040,53.5,10,1,1,0
USER-0040,15.67,15,1,0,0
USER-0040,54.22,5,1,0,0
USER-0040,48.65,15,1,0,0
USER-0040,28.86,19,1,0,0
USER-0040,82.88,9,1,1,0
USER-0040,4478.8,2,0,0,1
USER-0040,5169.24,4,0,0,1
USER-0040,62.88,8,1,0,0
USER-0040,86.4,18,1,0,0
USER-0040,8.2,15,1,1,0
USER-0040,26.31,14,1,1,0
USER-0040,7152.96,3,0,0,1
USER-0040,2961.26,3,0,1,1
USER-0040,74.72,12,1,1,0
USER-0040,64.37,5,1,0,0
USER-0040,68.37,8,1,0,0
USER-0040,117.24,20,1,0,0
USER-0041,9.96,9,1,1,0
USER-0041,29.6,7,1,0,0
USER-0041,21.47,17,1,0,0
USER-0041,13.06,13,1,0,0
USER-0041,54.82,15,1,0,0
USER-0041,55.67,8,1,1,0
USER-0041,8491.64,2,0,0,1
USER-0041,40.2,10,1,0,0
USER-0041,78.88,13,1,0,0
USER-0041,29.81,11,1,1,0
USER-0041,15.65,8,1,1,0
USER-0041,7.76,13,1,0,0
USER-0041,13.75,11,1,1,0
USER-0041,18.55,8,1,0,0
USER-0041,236.19,3,1,0,0
USER-0041,14.27,12,1,0,0
USER-0041,11.83,8,1,0,0
USER-0041,208.22,11,1,0,0
USER-0041,72.83,7,1,0,0
USER-0041,4.94,8,1,0,0
USER-0041,21.19,17,1,0,0
USER-0041,25.78,9,1,1,0
USER-0041,7.33,17,1,1,0
USER-0041,59.27,9,1,0,0
USER-0041,63.24,7,1,0,0
USER-0041,29.53,14,1,1,0
USER-0041,80.59,8,1,1,0
USER-0041,5.55,2,1,0,0
USER-0041,12.1,15,1,0,0
USER-0041,43.88,18,1,1,0
USER-0041,45.66,23,1,1,0
USER-0042,31.36,14,1,1,0
USER-0042,15.57,18,1,0,0
USER-0042,2082.92,2,0,1,1
USER-0042,20.73,22,1,0,0
USER-0042,27.51,11,1,0,0
USER-0042,11.28,11,1,0,0
USER-0042,9.99,22,1,0,0
USER-0042,33.83,8,1,0,0
USER-0042,55.92,12,1,0,0
USER-0042,107.92,19,1,0,0
USER-0042,154.53,11,1,1,0
USER-0042,3131.37,3,0,0,1
USER-0042,33.3,14,1,0,0
USER-0042,38.5,9,1,0,0
USER-0042,26.12,8,1,0,0
USER-0042,17.05,9,1,1,0
USER-0042,33.1,9,1,0,0
USER-0042,46.24,5,1,0,0
USER-0042,45.43,17,1,1,0
USER-0042,20.17,14,1,0,0
USER-0042,477.15,10,1,1,0
USER-0042,152.21,13,1,0,0
USER-0042,14.14,20,1,0,0
USER-0042,96.16,23,1,0,0
USER-0042,118.81,10,1,0,0
USER-0042,140.21,16,1,1,0
USER-0042,14.08,14,1,0,0
USER-0042,11.72,17,1,1,0
USER-0042,13.57,17,1,0,0
USER-0042,12.16,19,1,0,0
USER-0042,9.03,7,1,1,0
USER-0042,34.7,18,1,0,0
USER-0042,27.87,15,1,0,0
USER-0042,43.92,20,1,0,0
USER-0042,8.69,13,1,1,0
USER-0042,43.54,9,1,1,0
USER-0042,155.29,11,1,0,0
USER-0042,12.14,17,1,0,0
USER-0042,9.37,11,1,0,0
USER-0042,38.21,10,1,0,0
USER-0042,122.22,8,1,0,0
USER-0042,105.29,16,1,0,0
USER-0042,16.08,19,1,0,0
USER-0042,17.88,8,1,0,0
USER-0042,51.78,16,1,0,0
USER-0042,70.67,19,1,0,0
USER-0042,21.36,6,1,0,0
USER-0042,3120.62,2,0,1,1
USER-0042,27.9,16,1,1,0
USER-0042,201.94,10,1,0,0
USER-0042,90.08,11,1,1,0
USER-0042,37.92,18,1,0,0
USER-0042,106.53,8,1,0,0
USER-0042,188.24,7,1,0,0
USER-0042,68.57,9,1,0,0
USER-0042,118.99,10,1,0,0
USER-0043,8.38,15,1,0,0
USER-0043,30.23,10,1,1,0
USER-0043,26.53,8,1,1,0
USER-0043,58.98,8,1,1,0
USER-0043,470.71,16,1,1,0
USER-0043,15.6,22,1,0,0
USER-0043,13.7,8,1,0,0
USER-0043,38.06,15,1,0,0
USER-0043,49.58,6,1,0,0
USER-0043,9.67,13,1,0,0
USER-0043,58.38,19,1,0,0
USER-0043,16.63,14,1,0,0
USER-0043,100.49,3,1,0,0
USER-0043,30.83,18,1,0,0
USER-0043,18.45,5,1,0,0
USER-0043,6.51,17,1,0,0
USER-0043,18.97,8,1,1,0
USER-0043,38.94,11,1,1,0
USER-0043,5.34,17,1,0,0
USER-0043,10.02,13,1,0,0
USER-0043,7.5,10,1,0,0
USER-0043,7.13,7,1,1,0
USER-0043,26.31,15,1,0,0
USER-0043,36.84,13,1,0,0
USER-0043,23.73,9,1,0,0
USER-0043,18.41,19,1,0,0
USER-0043,3155.78,4,0,0,1
USER-0043,29.68,10,1,0,0
USER-0043,41.49,18,1,1,0
USER-0043,58.04,17,1,0,0
USER-0043,351.22,15,1,0,0
USER-0043,68.7,3,1,0,0
USER-0043,6.26,16,1,1,0
USER-0043,26.18,10,1,0,0
USER-0043,66.67,16,1,0,0
USER-0043,28.76,17,1,0,0
USER-0043,24.15,12,1,0,0
USER-0043,75.9,12,1,0,0
USER-0043,3.96,13,1,0,0
USER-0043,39.17,12,1,1,0
USER-0043,74.27,6,1,1,0
USER-0043,41.72,18,1,1,0
USER-0043,7.98,9,1,0,0
USER-0044,51.98,11,1,0,0
USER-0044,24.36,13,1,0,0
USER-0044,14.14,18,1,0,0
USER-0044,32.7,15,1,0,0
USER-0044,12.89,15,1,1,0
USER-0044,116.81,12,1,1,0
USER-0044,46.79,9,1,0,0
USER-0044,21.63,22,1,0,0
USER-0044,12.74,14,1,0,0
USER-0044,55.08,7,1,0,0
USER-0044,92.56,21,1,0,0
USER-0044,7780.69,3,0,1,1
USER-0044,11.35,8,1,0,0
USER-0044,2468.8,2,0,1,1
USER-0044,127.89,7,1,0,0
USER-0044,40.51,6,1,0,0
USER-0044,53.16,16,1,0,0
USER-0044,141.82,19,1,0,0
USER-0044,92.3,11,1,0,0
USER-0044,34.76,13,1,0,0
USER-0044,40.78,10,1,0,0
USER-0044,29.13,11,1,1,0
USER-0044,18.2,19,1,0,0
USER-0044,9.2,19,1,0,0
USER-0044,26.8,11,1,0,0
USER-0044,6076.36,4,0,0,1
USER-0044,56.82,9,1,0,0
USER-0044,9.14,8,1,0,0
USER-0044,44.59,16,1,0,0
USER-0044,50.15,16,1,0,0
USER-0044,18.34,11,1,0,0
USER-0044,14.43,9,1,0,0
USER-0044,22.81,13,1,1,0
USER-0044,88.13,14,1,0,0
USER-0044,11.27,11,1,0,0
USER-0044,5.56,17,1,1,0
USER-0044,28.67,15,1,1,0
USER-0044,12.37,10,1,0,0
USER-0044,12.78,18,1,0,0
USER-0044,21.98,13,1,1,0
USER-0044,43.39,5,1,1,0
USER-0044,52.76,8,1,0,0
USER-0044,55.85,14,1,0,0
USER-0044,6.69,10,1,0,0
USER-0044,28.58,14,1,1,0
USER-0044,48.37,5,1,1,0
USER-0044,29.65,3,1,0,0
USER-0044,38.54,14,1,1,0
USER-0044,46.58,14,1,1,0
USER-0044,74.97,10,1,0,0
USER-0044,8.44,16,1,0,0
USER-0044,57.43,11,1,0,0
USER-0044,42.25,13,1,1,0
USER-0044,136.54,15,1,0,0
USER-0044,36.96,9,1,0,0
USER-0044,62.05,9,1,0,0
USER-0044,108.51,6,1,0,0
USER-0044,13.29,11,1,1,0
USER-0044,80.51,16,1,0,0
USER-0044,40.98,14,1,0,0
USER-0044,12.4,19,1,1,0
USER-0044,112.24,7,1,0,0
USER-0044,42.82,20,1,0,0
USER-0044,48.88,16,1,0,0
USER-0044,26.96,18,1,1,0
USER-0044,47.94,15,1,1,0
USER-0044,99.7,15,1,1,0
USER-0044,142.76,10,1,1,0
USER-0044,82.44,20,1,0,0
USER-0045,6019.8,3,0,0,1
USER-0045,26.19,16,1,0,0
USER-0045,60.04,11,1,0,0
USER-0045,69.98,12,1,0,0
USER-0045,40.75,22,1,0,0
USER-0045,75.36,21,1,0,0
USER-0045,10.22,11,1,0,0
USER-0045,100.16,12,1,0,0
USER-0045,43.96,11,1,0,0
USER-0045,19.63,6,1,0,0
USER-0045,38.67,5,1,1,0
USER-0045,44.18,9,1,0,0
USER-0045,13.21,17,1,0,0
USER-0045,49.54,17,1,0,0
USER-0045,117.21,21,1,0,0
USER-0045,32.09,12,1,0,0
USER-0045,19.47,18,1,0,0
USER-0045,14.59,14,1,0,0
USER-0045,33.26,9,1,0,0
USER-0045,82.87,13,1,0,0
USER-0045,233.56,18,1,0,0
USER-0045,4248.41,3,0,1,1
USER-0045,24.82,16,1,1,0
USER-0045,231.6,16,1,1,0
USER-0045,57.75,20,1,0,0
USER-0045,69.1,6,1,0,0
USER-0045,32.66,11,1,0,0
USER-0045,121.89,20,1,0,0
USER-0045,5.05,9,1,0,0
USER-0045,22.18,14,1,1,0
USER-0045,22.82,10,1,1,0
USER-0046,54.19,10,1,0,0
USER-0046,29.34,12,1,0,0
USER-0046,106.28,17,1,1,0
USER-0046,10.12,8,1,0,0
USER-0046,10.3,11,1,0,0
USER-0046,104.57,11,1,0,0
USER-0046,50.39,7,1,0,0
USER-0046,20.13,21,1,0,0
USER-0046,32.78,13,1,0,0
USER-0046,8.77,12,1,0,0
USER-0046,134.42,17,1,0,0
USER-0046,263.58,11,1,1,0
USER-0046,42.49,22,1,0,0
USER-0046,15.48,12,1,1,0
USER-0046,21.53,18,1,1,0
USER-0046,23.54,16,1,0,0
USER-0046,3688.11,4,0,0,1
USER-0046,66.67,17,1,0,0
USER-0046,108.08,17,1,0,0
USER-0046,43.05,16,1,0,0
USER-0046,18.77,7,1,0,0
USER-0046,57.06,10,1,0,0
USER-0046,27.52,8,1,0,0
USER-0046,36.5,20,1,0,0
USER-0046,25.49,14,1,0,0
USER-0046,56.26,18,1,1,0
USER-0046,10.87,14,1,0,0
USER-0046,170.28,10,1,0,0
USER-0046,20.38,15,1,0,0
USER-0046,69.91,10,1,0,0
USER-0046,21.4,16,1,0,0
USER-0046,71.28,16,1,0,0
USER-0046,9.91,14,1,0,0
USER-0046,11.61,8,1,1,0
USER-0046,57.15,14,1,0,0
USER-0046,12.61,11,1,1,0
USER-0046,41.23,16,1,0,0
USER-0047,1.55,22,1,1,0
USER-0047,85.63,10,1,0,0
USER-0047,9.69,6,1,0,0
USER-0047,37.26,10,1,1,0
USER-0047,51.25,13,1,1,0
USER-0047,12.17,17,1,0,0
USER-0047,163.19,16,1,1,0
USER-0047,123.74,16,1,0,0
USER-0047,8079.67,3,0,0,1
USER-0047,16.59,9,1,0,0
USER-0047,31.47,16,1,0,0
USER-0047,26.74,1,1,1,0
USER-0047,58.16,17,1,0,0
USER-0047,87.57,8,1,0,0
USER-0047,47.99,11,1,1,0
USER-0047,70.08,13,1,1,0
USER-0047,8.09,17,1,1,0
USER-0047,53.88,12,1,0,0
USER-0047,35.78,17,1,0,0
USER-0047,56.25,19,1,0,0
USER-0047,25.53,12,1,0,0
USER-0047,13.67,22,1,0,0
USER-0047,51.47,13,1,0,0
USER-0048,53.26,20,1,1,0
USER-0048,67.27,10,1,0,0
USER-0048,26.77,5,1,0,0
USER-0048,20.16,19,1,0,0
USER-0048,31.11,0,1,0,0
USER-0048,12.44,12,1,0,0
USER-0048,114.71,17,1,1,0
USER-0048,19.15,14,1,0,0
USER-0048,25.55,12,1,1,0
USER-0048,37.63,7,1,0,0
USER-0048,7.63,22,1,1,0
USER-0048,10.43,10,1,1,0
USER-0048,7414.49,2,0,0,1
USER-0048,2.98,15,1,0,0
USER-0048,27.08,19,1,0,0
USER-0048,42.08,16,1,0,0
USER-0048,14.41,14,1,0,0
USER-0048,6276.62,4,0,0,1
USER-0048,54.84,11,1,0,0
USER-0048,151.66,23,1,1,0
USER-0048,21.93,9,1,1,0
USER-0048,3487.75,3,0,0,1
USER-0048,64.21,8,1,0,0
USER-0048,63.65,8,1,0,0
USER-0048,78.11,7,1,0,0
USER-0048,38.96,12,1,0,0
USER-0048,12.16,3,1,0,0
USER-0048,4406.2,2,0,0,1
USER-0048,33.4,9,1,1,0
USER-0048,55.86,8,1,1,0
USER-0048,31.91,7,1,0,0
USER-0048,145.0,11,1,0,0
USER-0048,22.0,16,1,0,0
USER-0048,20.73,18,1,1,0
USER-0048,46.45,21,1,0,0
USER-0048,27.98,17,1,1,0
USER-0048,113.23,21,1,0,0
USER-0048,15.13,10,1,0,0
USER-0048,129.42,15,1,0,0
USER-0048,121.13,12,1,1,0
USER-0048,747.72,7,1,0,0
USER-0048,40.82,18,1,0,0
USER-0048,17.04,9,1,0,0
USER-0048,91.88,16,1,0,0
USER-0048,50.32,13,1,0,0
USER-0048,18.44,13,1,1,0
USER-0048,41.47,11,1,0,0
USER-0048,11.93,13,1,1,0
USER-0048,37.28,13,1,1,0
USER-0048,17.0,16,1,0,0
USER-0048,18.67,13,1,0,0
USER-0048,10.43,8,1,1,0
USER-0048,4.53,10,1,0,0
USER-0048,26.5,15,1,0,0
USER-0048,124.37,15,1,1,0
USER-0048,52.84,16,1,0,0
USER-0048,6.16,19,1,1,0
USER-0048,177.09,12,1,0,0
USER-0048,145.45,20,1,1,0
USER-0048,13.43,12,1,0,0
USER-0049,119.8,10,1,0,0
USER-0049,9.03,12,1,0,0
USER-0049,39.29,12,1,0,0
USER-0049,73.02,8,1,0,0
USER-0049,43.54,17,1,0,0
USER-0049,6.66,4,1,0,0
USER-0049,416.91,7,1,0,0
USER-0049,21.98,1,1,0,0
USER-0049,3605.7,3,0,0,1
USER-0049,24.47,23,1,1,0
USER-0049,26.13,17,1,1,0
USER-0049,63.31,7,1,0,0
USER-0049,5585.59,2,0,1,1
USER-0049,79.16,11,1,0,0
USER-0049,33.05,12,1,0,0
USER-0049,45.54,15,1,1,0
USER-0049,70.56,8,1,0,0
USER-0049,44.77,9,1,0,0
USER-0049,30.48,21,1,1,0
USER-0049,35.34,15,1,0,0
USER-0049,64.6,19,1,0,0
USER-0049,17.95,13,1,0,0
USER-0049,17.38,18,1,0,0
USER-0049,4.71,17,1,1,0
USER-0049,27.23,19,1,0,0
USER-0049,19.58,11,1,0,0
USER-0049,42.18,11,1,0,0
USER-0049,17.12,7,1,0,0
USER-0049,23.48,17,1,0,0
USER-0049,58.38,23,1,0,0
USER-0049,38.5,8,1,0,0
USER-0049,519.53,8,1,0,0
USER-0049,63.3,17,1,0,0
USER-0049,27.32,12,1,0,0
USER-0049,15.0,9,1,0,0
USER-0049,23.93,17,1,0,0
USER-0049,19.93,13,1,0,0
USER-0049,25.31,11,1,0,0
USER-0049,115.43,15,1,0,0
USER-0049,80.26,20,1,0,0
USER-0049,6911.47,4,0,0,1
USER-0049,28.41,16,1,0,0
USER-0049,22.39,15,1,0,0
USER-0049,158.36,16,1,0,0
USER-0049,5.39,10,1,0,0
USER-0049,119.81,19,1,1,0
USER-0049,18.34,17,1,0,0
USER-0049,45.88,17,1,1,0
USER-0049,23.26,17,1,0,0
USER-0049,1200.14,17,1,1,0
USER-0049,27.73,23,1,0,0
USER-0050,27.47,8,1,0,0
USER-0050,80.74,6,1,1,0
USER-0050,22.12,8,1,0,0
USER-0050,4992.75,3,0,1,1
USER-0050,34.04,18,1,1,0
USER-0050,46.09,6,1,0,0
USER-0050,35.78,17,1,0,0
USER-0050,6.73,11,1,0,0
USER-0050,18.69,19,1,0,0
USER-0050,8.62,14,1,0,0
USER-0050,16.1,16,1,0,0
USER-0050,11.9,10,1,0,0
USER-0050,39.14,14,1,0,0
USER-0050,25.42,21,1,0,0
USER-0050,73.25,1,1,0,0
USER-0050,19.54,17,1,1,0
USER-0050,38.38,14,1,0,0
USER-0050,51.83,8,1,0,0
USER-0050,22.74,14,1,0,0
USER-0050,24.06,15,1,0,0
USER-0050,106.5,1,1,0,0
USER-0050,39.78,14,1,0,0
USER-0050,15.54,15,1,0,0
USER-0050,14.75,12,1,1,0
USER-0050,109.34,8,1,0,0
USER-0050,7409.53,4,0,0,1
USER-0050,63.55,11,1,1,0
USER-0050,41.56,13,1,0,0
USER-0050,7400.14,3,0,0,1
USER-0050,10.86,19,1,1,0
USER-0050,9.3,7,1,0,0
USER-0050,42.54,19,1,0,0
USER-0050,6.61,19,1,0,0
USER-0050,277.0,12,1,0,0
USER-0050,41.13,17,1,0,0
USER-0050,121.98,14,1,0,0
USER-0050,27.31,12,1,1,0
USER-0050,4.62,14,1,0,0
USER-0050,27.34,17,1,0,0
USER-0050,6017.6,2,0,1,1
USER-0050,24.0,9,1,0,0
USER-0050,6.96,11,1,1,0
USER-0050,13.79,11,1,1,0
USER-0050,3.54,13,1,0,0
USER-0050,7.4,18,1,0,0
USER-0050,82.34,11,1,0,0
USER-0050,141.26,12,1,0,0
USER-0050,8.08,11,1,0,0
USER-0050,9.78,9,1,0,0
USER-0050,38.78,17,1,0,0
USER-0050,8073.41,3,0,1,1
USER-0050,32.86,8,1,0,0
USER-0050,45.04,11,1,1,0
USER-0050,9.45,2,1,1,0
USER-0050,49.66,11,1,0,0
USER-0050,8.56,6,1,0,0
USER-0050,121.41,17,1,0,0
USER-0050,73.17,9,1,0,0
USER-0050,37.02,7,1,1,0
USER-0050,35.77,16,1,1,0
USER-0050,38.39,8,1,0,0
USER-0050,22.31,17,1,0,0
USER-0050,61.61,13,1,1,0
